When,Threat Name,Threat Path,Event,Cleanup Status,Severity,Alert,Root Cause,Business File,User,User Groups,Device,Device Group,IPAddress
2025-07-17T04:51:01+05:30,Lockdown,-,'Lockdown' exploit prevented in Windows Command Processor,-,Low,No,-,-,ALTERMEDRCM\prakash.chandra220,,Altermed-172,Global Computer Group,172.16.0.100
2025-07-17T04:51:01+05:30,Lockdown,-,'Lockdown' exploit prevented in Windows Command Processor,-,Low,No,-,-,ALTERMEDRCM\prakash.chandra220,,Altermed-172,Global Computer Group,172.16.0.100
2025-07-17T04:51:01+05:30,Lockdown,-,'Lockdown' exploit prevented in Windows Command Processor,-,Low,No,-,-,ALTERMEDRCM\prakash.chandra220,,Altermed-172,Global Computer Group,172.16.0.100
2025-07-15T00:22:42+05:30,Lockdown,-,'Lockdown' exploit prevented in Windows Command Processor,-,Low,No,-,-,ALTERMEDRCM\Akhil.Thakur424,,Altermed-41,Global Computer Group,172.16.0.210
2025-07-15T00:22:41+05:30,Lockdown,-,'Lockdown' exploit prevented in Windows Command Processor,-,Low,No,-,-,ALTERMEDRCM\Akhil.Thakur424,,Altermed-41,Global Computer Group,172.16.0.210
2025-07-15T00:22:41+05:30,Lockdown,-,'Lockdown' exploit prevented in Windows Command Processor,-,Low,No,-,-,ALTERMEDRCM\Akhil.Thakur424,,Altermed-41,Global Computer Group,172.16.0.210
2025-07-14T13:23:36+05:30,Lockdown,-,'Lockdown' exploit prevented in Windows Command Processor,-,Low,No,-,-,ALTERMEDRCM\ritika.bhardwaj253,,Altermed-44,Global Computer Group,172.16.0.221
2025-07-14T13:23:36+05:30,Lockdown,-,'Lockdown' exploit prevented in Windows Command Processor,-,Low,No,-,-,ALTERMEDRCM\ritika.bhardwaj253,,Altermed-44,Global Computer Group,172.16.0.221
2025-07-14T13:23:36+05:30,Lockdown,-,'Lockdown' exploit prevented in Windows Command Processor,-,Low,No,-,-,ALTERMEDRCM\ritika.bhardwaj253,,Altermed-44,Global Computer Group,172.16.0.221
2025-07-12T07:55:12+05:30,Generic Reputation PUA,C:\Users\simarjeet.kaur135\AppData\Local\Google\Chrome\User Data\Default\Cache\Cache_Data\f_0003fe,PUA detected: 'Generic Reputation PUA' at 'C:\Users\simarjeet.kaur135\AppData\Local\Google\Chrome\User Data\Default\Cache\Cache_Data\f_0003fe',Cleaned Up,Medium,No,-,-,ALTERMEDRCM\Irfan.Sheikh217,Global User Group,Altermed-93,Global Computer Group,192.168.3.171
2025-07-12T06:35:13+05:30,Generic Reputation PUA,C:\Users\simarjeet.kaur135\Downloads\x-lite_thh1-Y1.exe,PUA detected: 'Generic Reputation PUA' at 'C:\Users\simarjeet.kaur135\Downloads\x-lite_thh1-Y1.exe',Cleaned Up,Medium,No,-,-,ALTERMEDRCM\Irfan.Sheikh217,Global User Group,Altermed-93,Global Computer Group,192.168.3.171
2025-07-11T19:02:38+05:30,Lockdown,Microsoft Edge,'Lockdown' exploit prevented in Microsoft Edge,-,Low,No,-,-,ALTERMEDRCM\Jitender.Singh4,Global User Group,Altermed-211,Global Computer Group,192.168.4.36
2025-07-10T00:05:20+05:30,Troj/JSInject-C,https://salud.grupotriples.com/wp-content/themes/triples-salud/assets/javascript/jquery.ba-throttle-debounce.min.js,Access was blocked to "https://salud.grupotriples.com/wp-content/themes/triples-salud/assets/javascript/jquery.ba-throttle-debounce.min.js" because of "Troj/JSInject-C".,-,Low,No,-,-,ALTERMEDRCM\Samiksha.Sharma377,Global User Group,Altermed-436,Global Computer Group,192.168.4.138
2025-07-09T22:56:37+05:30,Lockdown,-,'Lockdown' exploit prevented in Windows Command Processor,-,Low,No,setup.exe,0,ALTERMEDRCM\Ritika.Singh136,Global User Group,Altermed-82,Global Computer Group,192.168.4.135
2025-07-09T22:56:32+05:30,Lockdown,-,'Lockdown' exploit prevented in Windows Command Processor,-,Low,No,setup.exe,0,ALTERMEDRCM\Ritika.Singh136,Global User Group,Altermed-82,Global Computer Group,192.168.4.135
2025-07-09T22:56:32+05:30,Lockdown,-,'Lockdown' exploit prevented in Windows Command Processor,-,Low,No,setup.exe,0,ALTERMEDRCM\Ritika.Singh136,Global User Group,Altermed-82,Global Computer Group,192.168.4.135
2025-07-09T22:56:32+05:30,Lockdown,-,'Lockdown' exploit prevented in Windows Command Processor,-,Low,No,setup.exe,0,ALTERMEDRCM\Ritika.Singh136,Global User Group,Altermed-82,Global Computer Group,192.168.4.135
2025-07-09T22:56:32+05:30,Lockdown,-,'Lockdown' exploit prevented in Windows Command Processor,-,Low,No,setup.exe,0,ALTERMEDRCM\Ritika.Singh136,Global User Group,Altermed-82,Global Computer Group,192.168.4.135
2025-07-09T22:56:32+05:30,Lockdown,-,'Lockdown' exploit prevented in Windows Command Processor,-,Low,No,setup.exe,0,ALTERMEDRCM\Ritika.Singh136,Global User Group,Altermed-82,Global Computer Group,192.168.4.135
2025-07-09T22:56:31+05:30,Lockdown,-,'Lockdown' exploit prevented in Windows Command Processor,-,Low,No,setup.exe,0,ALTERMEDRCM\Ritika.Singh136,Global User Group,Altermed-82,Global Computer Group,192.168.4.135
2025-07-09T22:33:07+05:30,Lockdown,-,'Lockdown' exploit prevented in Windows Command Processor,-,Low,No,setup.exe,0,ALTERMEDRCM\Ritika.Singh136,Global User Group,Altermed-82,Global Computer Group,192.168.4.135
2025-07-09T22:33:07+05:30,Lockdown,-,'Lockdown' exploit prevented in Windows Command Processor,-,Low,No,setup.exe,0,ALTERMEDRCM\Ritika.Singh136,Global User Group,Altermed-82,Global Computer Group,192.168.4.135
2025-07-09T22:25:21+05:30,Lockdown,-,'Lockdown' exploit prevented in Windows Command Processor,-,Low,No,-,-,ALTERMEDRCM\Guriqbal.Singh266,Global User Group,Altermed-29,Global Computer Group,192.168.3.96
2025-07-09T22:25:21+05:30,Lockdown,-,'Lockdown' exploit prevented in Windows Command Processor,-,Low,No,-,-,ALTERMEDRCM\Guriqbal.Singh266,Global User Group,Altermed-29,Global Computer Group,192.168.3.96
2025-07-09T22:25:21+05:30,Lockdown,-,'Lockdown' exploit prevented in Windows Command Processor,-,Low,No,-,-,ALTERMEDRCM\Guriqbal.Singh266,Global User Group,Altermed-29,Global Computer Group,192.168.3.96
2025-07-09T21:42:04+05:30,Lockdown,-,'Lockdown' exploit prevented in Windows Command Processor,-,Low,No,-,-,ALTERMEDRCM\Navpreet.kaur110,Global User Group,Altermed-178,Global Computer Group,192.168.3.189
2025-07-09T21:42:03+05:30,Lockdown,-,'Lockdown' exploit prevented in Windows Command Processor,-,Low,No,-,-,ALTERMEDRCM\Navpreet.kaur110,Global User Group,Altermed-178,Global Computer Group,192.168.3.189
2025-07-09T21:42:03+05:30,Lockdown,-,'Lockdown' exploit prevented in Windows Command Processor,-,Low,No,-,-,ALTERMEDRCM\Navpreet.kaur110,Global User Group,Altermed-178,Global Computer Group,192.168.3.189
2025-07-09T21:24:48+05:30,Lockdown,-,'Lockdown' exploit prevented in Windows Command Processor,-,Low,No,-,-,ALTERMEDRCM\Navpreet.kaur110,Global User Group,Altermed-178,Global Computer Group,192.168.3.189
2025-07-09T21:24:48+05:30,Lockdown,-,'Lockdown' exploit prevented in Windows Command Processor,-,Low,No,-,-,ALTERMEDRCM\Navpreet.kaur110,Global User Group,Altermed-178,Global Computer Group,192.168.3.189
2025-07-09T21:24:47+05:30,Lockdown,-,'Lockdown' exploit prevented in Windows Command Processor,-,Low,No,-,-,ALTERMEDRCM\Navpreet.kaur110,Global User Group,Altermed-178,Global Computer Group,192.168.3.189
2025-07-09T20:39:40+05:30,Lockdown,-,'Lockdown' exploit prevented in Windows Command Processor,-,Low,No,-,-,ALTERMEDRCM\Sundram.Sahu132,Global User Group,Altermed-167,Global Computer Group,192.168.3.106
2025-07-09T20:39:40+05:30,Lockdown,-,'Lockdown' exploit prevented in Windows Command Processor,-,Low,No,-,-,ALTERMEDRCM\Sundram.Sahu132,Global User Group,Altermed-167,Global Computer Group,192.168.3.106
2025-07-09T20:39:40+05:30,Lockdown,-,'Lockdown' exploit prevented in Windows Command Processor,-,Low,No,-,-,ALTERMEDRCM\Sundram.Sahu132,Global User Group,Altermed-167,Global Computer Group,192.168.3.106
2025-07-09T18:34:33+05:30,Lockdown,-,'Lockdown' exploit prevented in Windows Command Processor,-,Low,No,-,-,ALTERMEDRCM\Karan.Indoria291,Global User Group,Altermed-105,Global Computer Group,192.168.4.47
2025-07-09T18:34:17+05:30,Lockdown,-,'Lockdown' exploit prevented in Windows Command Processor,-,Low,No,-,-,ALTERMEDRCM\Karan.Indoria291,Global User Group,Altermed-105,Global Computer Group,192.168.4.47
2025-07-09T18:34:17+05:30,Lockdown,-,'Lockdown' exploit prevented in Windows Command Processor,-,Low,No,-,-,ALTERMEDRCM\Karan.Indoria291,Global User Group,Altermed-105,Global Computer Group,192.168.4.47
2025-07-09T18:34:17+05:30,Lockdown,-,'Lockdown' exploit prevented in Windows Command Processor,-,Low,No,-,-,ALTERMEDRCM\Karan.Indoria291,Global User Group,Altermed-105,Global Computer Group,192.168.4.47
2025-07-09T18:34:17+05:30,Lockdown,-,'Lockdown' exploit prevented in Windows Command Processor,-,Low,No,-,-,ALTERMEDRCM\Karan.Indoria291,Global User Group,Altermed-105,Global Computer Group,192.168.4.47
2025-07-09T18:34:17+05:30,Lockdown,-,'Lockdown' exploit prevented in Windows Command Processor,-,Low,No,-,-,ALTERMEDRCM\Karan.Indoria291,Global User Group,Altermed-105,Global Computer Group,192.168.4.47
2025-07-09T18:34:17+05:30,Lockdown,-,'Lockdown' exploit prevented in Windows Command Processor,-,Low,No,-,-,ALTERMEDRCM\Karan.Indoria291,Global User Group,Altermed-105,Global Computer Group,192.168.4.47
2025-07-09T17:42:05+05:30,Lockdown,-,'Lockdown' exploit prevented in Windows Command Processor,-,Low,No,-,-,ALTERMEDRCM\Karan.Indoria291,Global User Group,Altermed-105,Global Computer Group,192.168.4.47
2025-07-09T17:42:05+05:30,Lockdown,-,'Lockdown' exploit prevented in Windows Command Processor,-,Low,No,-,-,ALTERMEDRCM\Karan.Indoria291,Global User Group,Altermed-105,Global Computer Group,192.168.4.47
2025-07-09T16:42:01+05:30,Lockdown,-,'Lockdown' exploit prevented in Windows Command Processor,-,Low,No,-,-,ALTERMEDRCM\Karan.Indoria291,Global User Group,Altermed-105,Global Computer Group,192.168.4.47
2025-07-09T16:42:01+05:30,Lockdown,-,'Lockdown' exploit prevented in Windows Command Processor,-,Low,No,-,-,ALTERMEDRCM\Karan.Indoria291,Global User Group,Altermed-105,Global Computer Group,192.168.4.47
2025-07-09T16:42:01+05:30,Lockdown,-,'Lockdown' exploit prevented in Windows Command Processor,-,Low,No,-,-,ALTERMEDRCM\Karan.Indoria291,Global User Group,Altermed-105,Global Computer Group,192.168.4.47
2025-07-08T22:29:29+05:30,Lockdown,-,'Lockdown' exploit prevented in Windows Command Processor,-,Low,No,-,-,ALTERMEDRCM\Karan.Indoria291,Global User Group,Altermed-105,Global Computer Group,192.168.4.47
2025-07-08T22:29:29+05:30,Lockdown,-,'Lockdown' exploit prevented in Windows Command Processor,-,Low,No,-,-,ALTERMEDRCM\Karan.Indoria291,Global User Group,Altermed-105,Global Computer Group,192.168.4.47
2025-07-08T22:29:29+05:30,Lockdown,-,'Lockdown' exploit prevented in Windows Command Processor,-,Low,No,-,-,ALTERMEDRCM\Karan.Indoria291,Global User Group,Altermed-105,Global Computer Group,192.168.4.47
2025-07-08T21:56:20+05:30,Lockdown,-,'Lockdown' exploit prevented in Windows Command Processor,-,Low,No,-,-,ALTERMEDRCM\Ramanpreet.kaur12,Global User Group,Altermed-152,Global Computer Group,192.168.6.103
2025-07-08T21:56:20+05:30,Lockdown,-,'Lockdown' exploit prevented in Windows Command Processor,-,Low,No,-,-,ALTERMEDRCM\Ramanpreet.kaur12,Global User Group,Altermed-152,Global Computer Group,192.168.6.103
2025-07-08T21:56:20+05:30,Lockdown,-,'Lockdown' exploit prevented in Windows Command Processor,-,Low,No,-,-,ALTERMEDRCM\Ramanpreet.kaur12,Global User Group,Altermed-152,Global Computer Group,192.168.6.103
2025-07-08T21:48:39+05:30,Lockdown,-,'Lockdown' exploit prevented in Windows Command Processor,-,Low,No,-,-,ALTERMEDRCM\Gaurav.X195,Global User Group,Altermed-182,Global Computer Group,192.168.4.124
2025-07-08T21:48:39+05:30,Lockdown,-,'Lockdown' exploit prevented in Windows Command Processor,-,Low,No,-,-,ALTERMEDRCM\Gaurav.X195,Global User Group,Altermed-182,Global Computer Group,192.168.4.124
2025-07-08T21:48:39+05:30,Lockdown,-,'Lockdown' exploit prevented in Windows Command Processor,-,Low,No,-,-,ALTERMEDRCM\Gaurav.X195,Global User Group,Altermed-182,Global Computer Group,192.168.4.124
2025-07-08T21:41:49+05:30,Lockdown,-,'Lockdown' exploit prevented in Windows Command Processor,-,Low,No,-,-,ALTERMEDRCM\Manish.Bhagat215,Global User Group,Altermed-55,Global Computer Group,192.168.4.137
2025-07-08T21:41:20+05:30,Lockdown,-,'Lockdown' exploit prevented in Windows Command Processor,-,Low,No,-,-,ALTERMEDRCM\Manish.Bhagat215,Global User Group,Altermed-55,Global Computer Group,192.168.4.137
2025-07-08T21:41:20+05:30,Lockdown,-,'Lockdown' exploit prevented in Windows Command Processor,-,Low,No,-,-,ALTERMEDRCM\Manish.Bhagat215,Global User Group,Altermed-55,Global Computer Group,192.168.4.137
2025-07-08T21:41:20+05:30,Lockdown,-,'Lockdown' exploit prevented in Windows Command Processor,-,Low,No,-,-,ALTERMEDRCM\Manish.Bhagat215,Global User Group,Altermed-55,Global Computer Group,192.168.4.137
2025-07-08T21:41:20+05:30,Lockdown,-,'Lockdown' exploit prevented in Windows Command Processor,-,Low,No,-,-,ALTERMEDRCM\Manish.Bhagat215,Global User Group,Altermed-55,Global Computer Group,192.168.4.137
2025-07-08T21:41:20+05:30,Lockdown,-,'Lockdown' exploit prevented in Windows Command Processor,-,Low,No,-,-,ALTERMEDRCM\Manish.Bhagat215,Global User Group,Altermed-55,Global Computer Group,192.168.4.137
2025-07-08T21:41:20+05:30,Lockdown,-,'Lockdown' exploit prevented in Windows Command Processor,-,Low,No,-,-,ALTERMEDRCM\Manish.Bhagat215,Global User Group,Altermed-55,Global Computer Group,192.168.4.137
2025-07-08T21:40:50+05:30,Lockdown,-,'Lockdown' exploit prevented in Windows Command Processor,-,Low,No,-,-,ALTERMEDRCM\Manish.Bhagat215,Global User Group,Altermed-55,Global Computer Group,192.168.4.137
2025-07-08T21:40:50+05:30,Lockdown,-,'Lockdown' exploit prevented in Windows Command Processor,-,Low,No,-,-,ALTERMEDRCM\Manish.Bhagat215,Global User Group,Altermed-55,Global Computer Group,192.168.4.137
2025-07-08T21:40:49+05:30,Lockdown,-,'Lockdown' exploit prevented in Windows Command Processor,-,Low,No,-,-,ALTERMEDRCM\Manish.Bhagat215,Global User Group,Altermed-55,Global Computer Group,192.168.4.137
2025-07-08T21:40:33+05:30,Lockdown,-,'Lockdown' exploit prevented in Windows Command Processor,-,Low,No,-,-,ALTERMEDRCM\Manish.Bhagat215,Global User Group,Altermed-55,Global Computer Group,192.168.4.137
2025-07-08T21:40:16+05:30,Lockdown,-,'Lockdown' exploit prevented in Windows Command Processor,-,Low,No,-,-,ALTERMEDRCM\Manish.Bhagat215,Global User Group,Altermed-55,Global Computer Group,192.168.4.137
2025-07-08T21:40:16+05:30,Lockdown,-,'Lockdown' exploit prevented in Windows Command Processor,-,Low,No,-,-,ALTERMEDRCM\Manish.Bhagat215,Global User Group,Altermed-55,Global Computer Group,192.168.4.137
2025-07-08T21:40:16+05:30,Lockdown,-,'Lockdown' exploit prevented in Windows Command Processor,-,Low,No,-,-,ALTERMEDRCM\Manish.Bhagat215,Global User Group,Altermed-55,Global Computer Group,192.168.4.137
2025-07-08T21:40:16+05:30,Lockdown,-,'Lockdown' exploit prevented in Windows Command Processor,-,Low,No,-,-,ALTERMEDRCM\Manish.Bhagat215,Global User Group,Altermed-55,Global Computer Group,192.168.4.137
2025-07-08T21:40:16+05:30,Lockdown,-,'Lockdown' exploit prevented in Windows Command Processor,-,Low,No,-,-,ALTERMEDRCM\Manish.Bhagat215,Global User Group,Altermed-55,Global Computer Group,192.168.4.137
2025-07-08T21:40:16+05:30,Lockdown,-,'Lockdown' exploit prevented in Windows Command Processor,-,Low,No,-,-,ALTERMEDRCM\Manish.Bhagat215,Global User Group,Altermed-55,Global Computer Group,192.168.4.137
2025-07-08T21:40:10+05:30,Lockdown,-,'Lockdown' exploit prevented in Windows Command Processor,-,Low,No,-,-,ALTERMEDRCM\Manish.Bhagat215,Global User Group,Altermed-55,Global Computer Group,192.168.4.137
2025-07-08T21:40:09+05:30,Lockdown,-,'Lockdown' exploit prevented in Windows Command Processor,-,Low,No,-,-,ALTERMEDRCM\Manish.Bhagat215,Global User Group,Altermed-55,Global Computer Group,192.168.4.137
2025-07-08T21:40:09+05:30,Lockdown,-,'Lockdown' exploit prevented in Windows Command Processor,-,Low,No,-,-,ALTERMEDRCM\Manish.Bhagat215,Global User Group,Altermed-55,Global Computer Group,192.168.4.137
2025-07-08T21:39:46+05:30,Lockdown,-,'Lockdown' exploit prevented in Windows Command Processor,-,Low,No,-,-,ALTERMEDRCM\Manish.Bhagat215,Global User Group,Altermed-55,Global Computer Group,192.168.4.137
2025-07-08T21:39:44+05:30,Lockdown,-,'Lockdown' exploit prevented in Windows Command Processor,-,Low,No,-,-,ALTERMEDRCM\Manish.Bhagat215,Global User Group,Altermed-55,Global Computer Group,192.168.4.137
2025-07-08T21:39:44+05:30,Lockdown,-,'Lockdown' exploit prevented in Windows Command Processor,-,Low,No,-,-,ALTERMEDRCM\Manish.Bhagat215,Global User Group,Altermed-55,Global Computer Group,192.168.4.137
2025-07-08T21:39:43+05:30,Lockdown,-,'Lockdown' exploit prevented in Windows Command Processor,-,Low,No,-,-,ALTERMEDRCM\Manish.Bhagat215,Global User Group,Altermed-55,Global Computer Group,192.168.4.137
2025-07-08T21:39:43+05:30,Lockdown,-,'Lockdown' exploit prevented in Windows Command Processor,-,Low,No,-,-,ALTERMEDRCM\Manish.Bhagat215,Global User Group,Altermed-55,Global Computer Group,192.168.4.137
2025-07-08T21:39:43+05:30,Lockdown,-,'Lockdown' exploit prevented in Windows Command Processor,-,Low,No,-,-,ALTERMEDRCM\Manish.Bhagat215,Global User Group,Altermed-55,Global Computer Group,192.168.4.137
2025-07-08T21:39:43+05:30,Lockdown,-,'Lockdown' exploit prevented in Windows Command Processor,-,Low,No,-,-,ALTERMEDRCM\Manish.Bhagat215,Global User Group,Altermed-55,Global Computer Group,192.168.4.137
2025-07-08T21:39:36+05:30,Lockdown,-,'Lockdown' exploit prevented in Windows Command Processor,-,Low,No,-,-,ALTERMEDRCM\Manish.Bhagat215,Global User Group,Altermed-55,Global Computer Group,192.168.4.137
2025-07-08T21:39:35+05:30,Lockdown,-,'Lockdown' exploit prevented in Windows Command Processor,-,Low,No,-,-,ALTERMEDRCM\Manish.Bhagat215,Global User Group,Altermed-55,Global Computer Group,192.168.4.137
2025-07-08T21:39:35+05:30,Lockdown,-,'Lockdown' exploit prevented in Windows Command Processor,-,Low,No,-,-,ALTERMEDRCM\Manish.Bhagat215,Global User Group,Altermed-55,Global Computer Group,192.168.4.137
2025-07-08T21:37:55+05:30,Lockdown,-,'Lockdown' exploit prevented in Windows Command Processor,-,Low,No,-,-,ALTERMEDRCM\Manish.Bhagat215,Global User Group,Altermed-55,Global Computer Group,192.168.4.137
2025-07-08T21:37:55+05:30,Lockdown,-,'Lockdown' exploit prevented in Windows Command Processor,-,Low,No,-,-,ALTERMEDRCM\Manish.Bhagat215,Global User Group,Altermed-55,Global Computer Group,192.168.4.137
2025-07-08T21:37:55+05:30,Lockdown,-,'Lockdown' exploit prevented in Windows Command Processor,-,Low,No,-,-,ALTERMEDRCM\Manish.Bhagat215,Global User Group,Altermed-55,Global Computer Group,192.168.4.137
2025-07-08T21:36:31+05:30,Lockdown,-,'Lockdown' exploit prevented in Windows Command Processor,-,Low,No,-,-,ALTERMEDRCM\Ritesh.Thakur220,Global User Group,Altermed-142,Global Computer Group,192.168.4.140
2025-07-08T21:36:31+05:30,Lockdown,-,'Lockdown' exploit prevented in Windows Command Processor,-,Low,No,-,-,ALTERMEDRCM\Ritesh.Thakur220,Global User Group,Altermed-142,Global Computer Group,192.168.4.140
2025-07-08T21:36:31+05:30,Lockdown,-,'Lockdown' exploit prevented in Windows Command Processor,-,Low,No,-,-,ALTERMEDRCM\Ritesh.Thakur220,Global User Group,Altermed-142,Global Computer Group,192.168.4.140
2025-07-08T21:29:15+05:30,Lockdown,-,'Lockdown' exploit prevented in Windows Command Processor,-,Low,No,-,-,ALTERMEDRCM\Manish.Bhagat215,Global User Group,Altermed-55,Global Computer Group,192.168.4.137
2025-07-08T21:29:15+05:30,Lockdown,-,'Lockdown' exploit prevented in Windows Command Processor,-,Low,No,-,-,ALTERMEDRCM\Manish.Bhagat215,Global User Group,Altermed-55,Global Computer Group,192.168.4.137
2025-07-08T21:29:15+05:30,Lockdown,-,'Lockdown' exploit prevented in Windows Command Processor,-,Low,No,-,-,ALTERMEDRCM\Manish.Bhagat215,Global User Group,Altermed-55,Global Computer Group,192.168.4.137
2025-07-08T21:25:00+05:30,Lockdown,-,'Lockdown' exploit prevented in Windows Command Processor,-,Low,No,-,-,ALTERMEDRCM\Manish.Bhagat215,Global User Group,Altermed-55,Global Computer Group,192.168.4.137
2025-07-08T21:25:00+05:30,Lockdown,-,'Lockdown' exploit prevented in Windows Command Processor,-,Low,No,-,-,ALTERMEDRCM\Manish.Bhagat215,Global User Group,Altermed-55,Global Computer Group,192.168.4.137
2025-07-08T21:25:00+05:30,Lockdown,-,'Lockdown' exploit prevented in Windows Command Processor,-,Low,No,-,-,ALTERMEDRCM\Manish.Bhagat215,Global User Group,Altermed-55,Global Computer Group,192.168.4.137
2025-07-08T21:24:55+05:30,Lockdown,-,'Lockdown' exploit prevented in Windows Command Processor,-,Low,No,-,-,ALTERMEDRCM\Manish.Bhagat215,Global User Group,Altermed-55,Global Computer Group,192.168.4.137
2025-07-08T21:24:55+05:30,Lockdown,-,'Lockdown' exploit prevented in Windows Command Processor,-,Low,No,-,-,ALTERMEDRCM\Manish.Bhagat215,Global User Group,Altermed-55,Global Computer Group,192.168.4.137
2025-07-08T21:24:55+05:30,Lockdown,-,'Lockdown' exploit prevented in Windows Command Processor,-,Low,No,-,-,ALTERMEDRCM\Manish.Bhagat215,Global User Group,Altermed-55,Global Computer Group,192.168.4.137
2025-07-08T21:20:53+05:30,Lockdown,-,'Lockdown' exploit prevented in Windows Command Processor,-,Low,No,-,-,ALTERMEDRCM\Gaurav.X195,Global User Group,Altermed-182,Global Computer Group,192.168.4.124
2025-07-08T21:20:52+05:30,Lockdown,-,'Lockdown' exploit prevented in Windows Command Processor,-,Low,No,-,-,ALTERMEDRCM\Gaurav.X195,Global User Group,Altermed-182,Global Computer Group,192.168.4.124
2025-07-08T21:20:52+05:30,Lockdown,-,'Lockdown' exploit prevented in Windows Command Processor,-,Low,No,-,-,ALTERMEDRCM\Gaurav.X195,Global User Group,Altermed-182,Global Computer Group,192.168.4.124
2025-07-08T18:15:40+05:30,Lockdown,-,'Lockdown' exploit prevented in Windows Command Processor,-,Low,No,-,-,ALTERMEDRCM\Sunil.X154,Global User Group,Altermed-144,Global Computer Group,192.168.6.112
2025-07-08T18:15:40+05:30,Lockdown,-,'Lockdown' exploit prevented in Windows Command Processor,-,Low,No,-,-,ALTERMEDRCM\Sunil.X154,Global User Group,Altermed-144,Global Computer Group,192.168.6.112
2025-07-08T18:15:40+05:30,Lockdown,-,'Lockdown' exploit prevented in Windows Command Processor,-,Low,No,-,-,ALTERMEDRCM\Sunil.X154,Global User Group,Altermed-144,Global Computer Group,192.168.6.112
2025-07-08T17:56:44+05:30,Lockdown,-,'Lockdown' exploit prevented in Windows Command Processor,-,Low,No,-,-,ALTERMEDRCM\rahul.singh300,Global User Group,Altermed-94,Global Computer Group,192.168.6.233
2025-07-08T17:56:44+05:30,Lockdown,-,'Lockdown' exploit prevented in Windows Command Processor,-,Low,No,-,-,ALTERMEDRCM\rahul.singh300,Global User Group,Altermed-94,Global Computer Group,192.168.6.233
2025-07-08T17:56:44+05:30,Lockdown,-,'Lockdown' exploit prevented in Windows Command Processor,-,Low,No,-,-,ALTERMEDRCM\rahul.singh300,Global User Group,Altermed-94,Global Computer Group,192.168.6.233
2025-07-08T17:37:23+05:30,Lockdown,-,'Lockdown' exploit prevented in Windows Command Processor,-,Low,No,-,-,ALTERMEDRCM\Arpit.Singh151,Global User Group,Altermed-17,Global Computer Group,192.168.6.133
2025-07-08T17:37:23+05:30,Lockdown,-,'Lockdown' exploit prevented in Windows Command Processor,-,Low,No,-,-,ALTERMEDRCM\Arpit.Singh151,Global User Group,Altermed-17,Global Computer Group,192.168.6.133
2025-07-08T17:37:23+05:30,Lockdown,-,'Lockdown' exploit prevented in Windows Command Processor,-,Low,No,-,-,ALTERMEDRCM\Arpit.Singh151,Global User Group,Altermed-17,Global Computer Group,192.168.6.133
2025-07-08T17:30:20+05:30,Lockdown,-,'Lockdown' exploit prevented in Windows Command Processor,-,Low,No,msedge.exe,0,ALTERMEDRCM\rahul.singh300,Global User Group,Altermed-94,Global Computer Group,192.168.6.233
2025-07-08T17:30:20+05:30,Lockdown,-,'Lockdown' exploit prevented in Windows Command Processor,-,Low,No,msedge.exe,0,ALTERMEDRCM\rahul.singh300,Global User Group,Altermed-94,Global Computer Group,192.168.6.233
2025-07-08T17:30:20+05:30,Lockdown,-,'Lockdown' exploit prevented in Windows Command Processor,-,Low,No,msedge.exe,0,ALTERMEDRCM\rahul.singh300,Global User Group,Altermed-94,Global Computer Group,192.168.6.233
2025-07-08T17:24:48+05:30,Lockdown,-,'Lockdown' exploit prevented in Windows Command Processor,-,Low,No,-,-,ALTERMEDRCM\Gursimrat.Singh13,Global User Group,Altermed-186,Global Computer Group,192.168.6.186
2025-07-08T17:24:48+05:30,Lockdown,-,'Lockdown' exploit prevented in Windows Command Processor,-,Low,No,-,-,ALTERMEDRCM\Gursimrat.Singh13,Global User Group,Altermed-186,Global Computer Group,192.168.6.186
2025-07-08T17:24:48+05:30,Lockdown,-,'Lockdown' exploit prevented in Windows Command Processor,-,Low,No,-,-,ALTERMEDRCM\Gursimrat.Singh13,Global User Group,Altermed-186,Global Computer Group,192.168.6.186
2025-07-08T17:05:04+05:30,Lockdown,-,'Lockdown' exploit prevented in Windows Command Processor,-,Low,No,-,-,ALTERMEDRCM\Harsh.chadha383,Global User Group,Altermed-202,Global Computer Group,192.168.6.206
2025-07-08T17:05:04+05:30,Lockdown,-,'Lockdown' exploit prevented in Windows Command Processor,-,Low,No,-,-,ALTERMEDRCM\Harsh.chadha383,Global User Group,Altermed-202,Global Computer Group,192.168.6.206
2025-07-08T17:05:03+05:30,Lockdown,-,'Lockdown' exploit prevented in Windows Command Processor,-,Low,No,-,-,ALTERMEDRCM\Harsh.chadha383,Global User Group,Altermed-202,Global Computer Group,192.168.6.206
2025-07-08T16:59:20+05:30,Lockdown,-,'Lockdown' exploit prevented in Windows Command Processor,-,Low,No,-,-,ALTERMEDRCM\Diksha.Sharma102,Global User Group,Altermed-27,Global Computer Group,192.168.6.50
2025-07-08T16:59:20+05:30,Lockdown,-,'Lockdown' exploit prevented in Windows Command Processor,-,Low,No,-,-,ALTERMEDRCM\Diksha.Sharma102,Global User Group,Altermed-27,Global Computer Group,192.168.6.50
2025-07-08T16:59:20+05:30,Lockdown,-,'Lockdown' exploit prevented in Windows Command Processor,-,Low,No,-,-,ALTERMEDRCM\Diksha.Sharma102,Global User Group,Altermed-27,Global Computer Group,192.168.6.50
2025-07-08T16:50:43+05:30,Lockdown,-,'Lockdown' exploit prevented in Windows Command Processor,-,Low,No,-,-,ALTERMEDRCM\Shilpa.Kumari227,Global User Group,Altermed-197,Global Computer Group,192.168.6.198
2025-07-08T16:50:43+05:30,Lockdown,-,'Lockdown' exploit prevented in Windows Command Processor,-,Low,No,-,-,ALTERMEDRCM\Shilpa.Kumari227,Global User Group,Altermed-197,Global Computer Group,192.168.6.198
2025-07-08T16:50:43+05:30,Lockdown,-,'Lockdown' exploit prevented in Windows Command Processor,-,Low,No,-,-,ALTERMEDRCM\Shilpa.Kumari227,Global User Group,Altermed-197,Global Computer Group,192.168.6.198
2025-07-08T04:05:47+05:30,Lockdown,-,'Lockdown' exploit prevented in Windows Command Processor,-,Low,No,-,-,ALTERMEDRCM\Tamanna.Thakur60,Global User Group,Altermed-110,Global Computer Group,192.168.6.137
2025-07-08T04:05:47+05:30,Lockdown,-,'Lockdown' exploit prevented in Windows Command Processor,-,Low,No,-,-,ALTERMEDRCM\Tamanna.Thakur60,Global User Group,Altermed-110,Global Computer Group,192.168.6.137
2025-07-08T04:05:47+05:30,Lockdown,-,'Lockdown' exploit prevented in Windows Command Processor,-,Low,No,-,-,ALTERMEDRCM\Tamanna.Thakur60,Global User Group,Altermed-110,Global Computer Group,192.168.6.137
2025-07-08T04:05:47+05:30,Lockdown,-,'Lockdown' exploit prevented in Windows Command Processor,-,Low,No,-,-,ALTERMEDRCM\Tamanna.Thakur60,Global User Group,Altermed-110,Global Computer Group,192.168.6.137
2025-07-08T04:05:47+05:30,Lockdown,-,'Lockdown' exploit prevented in Windows Command Processor,-,Low,No,-,-,ALTERMEDRCM\Tamanna.Thakur60,Global User Group,Altermed-110,Global Computer Group,192.168.6.137
2025-07-08T04:05:47+05:30,Lockdown,-,'Lockdown' exploit prevented in Windows Command Processor,-,Low,No,-,-,ALTERMEDRCM\Tamanna.Thakur60,Global User Group,Altermed-110,Global Computer Group,192.168.6.137
2025-07-08T04:04:42+05:30,Lockdown,-,'Lockdown' exploit prevented in Windows Command Processor,-,Low,No,-,-,ALTERMEDRCM\Tamanna.Thakur60,Global User Group,Altermed-110,Global Computer Group,192.168.6.137
2025-07-08T04:04:42+05:30,Lockdown,-,'Lockdown' exploit prevented in Windows Command Processor,-,Low,No,-,-,ALTERMEDRCM\Tamanna.Thakur60,Global User Group,Altermed-110,Global Computer Group,192.168.6.137
2025-07-08T04:04:42+05:30,Lockdown,-,'Lockdown' exploit prevented in Windows Command Processor,-,Low,No,-,-,ALTERMEDRCM\Tamanna.Thakur60,Global User Group,Altermed-110,Global Computer Group,192.168.6.137
2025-07-08T04:04:42+05:30,Lockdown,-,'Lockdown' exploit prevented in Windows Command Processor,-,Low,No,-,-,ALTERMEDRCM\Tamanna.Thakur60,Global User Group,Altermed-110,Global Computer Group,192.168.6.137
2025-07-08T04:04:42+05:30,Lockdown,-,'Lockdown' exploit prevented in Windows Command Processor,-,Low,No,-,-,ALTERMEDRCM\Tamanna.Thakur60,Global User Group,Altermed-110,Global Computer Group,192.168.6.137
2025-07-08T04:04:42+05:30,Lockdown,-,'Lockdown' exploit prevented in Windows Command Processor,-,Low,No,-,-,ALTERMEDRCM\Tamanna.Thakur60,Global User Group,Altermed-110,Global Computer Group,192.168.6.137
2025-07-08T04:04:30+05:30,Lockdown,-,'Lockdown' exploit prevented in Windows Command Processor,-,Low,No,-,-,ALTERMEDRCM\Tamanna.Thakur60,Global User Group,Altermed-110,Global Computer Group,192.168.6.137
2025-07-08T04:04:30+05:30,Lockdown,-,'Lockdown' exploit prevented in Windows Command Processor,-,Low,No,-,-,ALTERMEDRCM\Tamanna.Thakur60,Global User Group,Altermed-110,Global Computer Group,192.168.6.137
2025-07-08T04:03:31+05:30,Lockdown,-,'Lockdown' exploit prevented in Windows Command Processor,-,Low,No,-,-,ALTERMEDRCM\Tamanna.Thakur60,Global User Group,Altermed-110,Global Computer Group,192.168.6.137
2025-07-08T04:03:31+05:30,Lockdown,-,'Lockdown' exploit prevented in Windows Command Processor,-,Low,No,-,-,ALTERMEDRCM\Tamanna.Thakur60,Global User Group,Altermed-110,Global Computer Group,192.168.6.137
2025-07-08T03:46:55+05:30,Lockdown,-,'Lockdown' exploit prevented in Windows Command Processor,-,Low,No,ms-teams.exe,0,ALTERMEDRCM\Mukesh.Thakur56,Global User Group,Altermed-137,Global Computer Group,192.168.6.196
2025-07-08T03:03:08+05:30,Lockdown,-,'Lockdown' exploit prevented in Windows Command Processor,-,Low,No,-,-,ALTERMEDRCM\Ramanpreet.kaur12,Global User Group,Altermed-152,Global Computer Group,192.168.6.103
2025-07-08T03:03:08+05:30,Lockdown,-,'Lockdown' exploit prevented in Windows Command Processor,-,Low,No,-,-,ALTERMEDRCM\Ramanpreet.kaur12,Global User Group,Altermed-152,Global Computer Group,192.168.6.103
2025-07-08T03:03:08+05:30,Lockdown,-,'Lockdown' exploit prevented in Windows Command Processor,-,Low,No,-,-,ALTERMEDRCM\Ramanpreet.kaur12,Global User Group,Altermed-152,Global Computer Group,192.168.6.103
2025-07-08T03:03:03+05:30,Lockdown,-,'Lockdown' exploit prevented in Windows Command Processor,-,Low,No,-,-,ALTERMEDRCM\Ramanpreet.kaur12,Global User Group,Altermed-152,Global Computer Group,192.168.6.103
2025-07-08T03:03:03+05:30,Lockdown,-,'Lockdown' exploit prevented in Windows Command Processor,-,Low,No,-,-,ALTERMEDRCM\Ramanpreet.kaur12,Global User Group,Altermed-152,Global Computer Group,192.168.6.103
2025-07-08T03:03:03+05:30,Lockdown,-,'Lockdown' exploit prevented in Windows Command Processor,-,Low,No,-,-,ALTERMEDRCM\Ramanpreet.kaur12,Global User Group,Altermed-152,Global Computer Group,192.168.6.103
2025-07-08T03:03:03+05:30,Lockdown,-,'Lockdown' exploit prevented in Windows Command Processor,-,Low,No,-,-,ALTERMEDRCM\Ramanpreet.kaur12,Global User Group,Altermed-152,Global Computer Group,192.168.6.103
2025-07-08T03:03:03+05:30,Lockdown,-,'Lockdown' exploit prevented in Windows Command Processor,-,Low,No,-,-,ALTERMEDRCM\Ramanpreet.kaur12,Global User Group,Altermed-152,Global Computer Group,192.168.6.103
2025-07-08T03:03:03+05:30,Lockdown,-,'Lockdown' exploit prevented in Windows Command Processor,-,Low,No,-,-,ALTERMEDRCM\Ramanpreet.kaur12,Global User Group,Altermed-152,Global Computer Group,192.168.6.103
2025-07-08T03:03:03+05:30,Lockdown,-,'Lockdown' exploit prevented in Windows Command Processor,-,Low,No,-,-,ALTERMEDRCM\Ramanpreet.kaur12,Global User Group,Altermed-152,Global Computer Group,192.168.6.103
2025-07-08T03:03:03+05:30,Lockdown,-,'Lockdown' exploit prevented in Windows Command Processor,-,Low,No,-,-,ALTERMEDRCM\Ramanpreet.kaur12,Global User Group,Altermed-152,Global Computer Group,192.168.6.103
2025-07-08T03:03:03+05:30,Lockdown,-,'Lockdown' exploit prevented in Windows Command Processor,-,Low,No,-,-,ALTERMEDRCM\Ramanpreet.kaur12,Global User Group,Altermed-152,Global Computer Group,192.168.6.103
2025-07-08T03:03:03+05:30,Lockdown,-,'Lockdown' exploit prevented in Windows Command Processor,-,Low,No,-,-,ALTERMEDRCM\Ramanpreet.kaur12,Global User Group,Altermed-152,Global Computer Group,192.168.6.103
2025-07-08T03:01:41+05:30,Lockdown,-,'Lockdown' exploit prevented in Windows Command Processor,-,Low,No,-,-,ALTERMEDRCM\Ramanpreet.kaur12,Global User Group,Altermed-152,Global Computer Group,192.168.6.103
2025-07-08T03:01:41+05:30,Lockdown,-,'Lockdown' exploit prevented in Windows Command Processor,-,Low,No,-,-,ALTERMEDRCM\Ramanpreet.kaur12,Global User Group,Altermed-152,Global Computer Group,192.168.6.103
2025-07-08T03:01:41+05:30,Lockdown,-,'Lockdown' exploit prevented in Windows Command Processor,-,Low,No,-,-,ALTERMEDRCM\Ramanpreet.kaur12,Global User Group,Altermed-152,Global Computer Group,192.168.6.103
2025-07-08T02:30:48+05:30,Lockdown,-,'Lockdown' exploit prevented in Windows Command Processor,-,Low,No,ms-teams.exe,0,ALTERMEDRCM\Mukesh.Thakur56,Global User Group,Altermed-137,Global Computer Group,192.168.6.196
2025-07-08T01:34:54+05:30,Lockdown,-,'Lockdown' exploit prevented in Windows Command Processor,-,Low,No,msedge.exe,0,ALTERMEDRCM\Kewal.krishan382,Global User Group,ALtermed-151,Global Computer Group,192.168.6.235
2025-07-08T01:34:54+05:30,Lockdown,-,'Lockdown' exploit prevented in Windows Command Processor,-,Low,No,msedge.exe,0,ALTERMEDRCM\Kewal.krishan382,Global User Group,ALtermed-151,Global Computer Group,192.168.6.235
2025-07-08T01:30:48+05:30,Lockdown,-,'Lockdown' exploit prevented in Windows Command Processor,-,Low,No,ms-teams.exe,0,ALTERMEDRCM\Mukesh.Thakur56,Global User Group,Altermed-137,Global Computer Group,192.168.6.196
2025-07-08T01:30:48+05:30,Lockdown,-,'Lockdown' exploit prevented in Windows Command Processor,-,Low,No,ms-teams.exe,0,ALTERMEDRCM\Mukesh.Thakur56,Global User Group,Altermed-137,Global Computer Group,192.168.6.196
2025-07-08T01:22:08+05:30,Lockdown,-,'Lockdown' exploit prevented in Windows Command Processor,-,Low,No,-,-,ALTERMEDRCM\vinayak.x407,,Altermed-103,Global Computer Group,192.168.6.211
2025-07-08T01:22:08+05:30,Lockdown,-,'Lockdown' exploit prevented in Windows Command Processor,-,Low,No,-,-,ALTERMEDRCM\vinayak.x407,,Altermed-103,Global Computer Group,192.168.6.211
2025-07-08T01:22:08+05:30,Lockdown,-,'Lockdown' exploit prevented in Windows Command Processor,-,Low,No,-,-,ALTERMEDRCM\vinayak.x407,,Altermed-103,Global Computer Group,192.168.6.211
2025-07-08T01:20:51+05:30,Lockdown,-,'Lockdown' exploit prevented in Windows Command Processor,-,Low,No,-,-,ALTERMEDRCM\sahil.thakur327,Global User Group,Altermed-162,Global Computer Group,192.168.6.227
2025-07-08T01:20:51+05:30,Lockdown,-,'Lockdown' exploit prevented in Windows Command Processor,-,Low,No,-,-,ALTERMEDRCM\sahil.thakur327,Global User Group,Altermed-162,Global Computer Group,192.168.6.227
2025-07-08T01:20:51+05:30,Lockdown,-,'Lockdown' exploit prevented in Windows Command Processor,-,Low,No,-,-,ALTERMEDRCM\sahil.thakur327,Global User Group,Altermed-162,Global Computer Group,192.168.6.227
2025-07-08T01:18:17+05:30,Lockdown,-,'Lockdown' exploit prevented in Windows Command Processor,-,Low,No,-,-,ALTERMEDRCM\Harjot.X410,,Altermed-119,Global Computer Group,192.168.6.217
2025-07-08T01:18:17+05:30,Lockdown,-,'Lockdown' exploit prevented in Windows Command Processor,-,Low,No,-,-,ALTERMEDRCM\Harjot.X410,,Altermed-119,Global Computer Group,192.168.6.217
2025-07-08T01:18:17+05:30,Lockdown,-,'Lockdown' exploit prevented in Windows Command Processor,-,Low,No,msedge.exe,0,ALTERMEDRCM\Harjot.X410,,Altermed-119,Global Computer Group,192.168.6.217
2025-07-08T01:11:14+05:30,Lockdown,-,'Lockdown' exploit prevented in Windows Command Processor,-,Low,No,-,-,ALTERMEDRCM\vinayak.x407,,Altermed-103,Global Computer Group,192.168.6.211
2025-07-08T01:11:14+05:30,Lockdown,-,'Lockdown' exploit prevented in Windows Command Processor,-,Low,No,-,-,ALTERMEDRCM\vinayak.x407,,Altermed-103,Global Computer Group,192.168.6.211
2025-07-08T01:11:14+05:30,Lockdown,-,'Lockdown' exploit prevented in Windows Command Processor,-,Low,No,msedge.exe,0,ALTERMEDRCM\vinayak.x407,,Altermed-103,Global Computer Group,192.168.6.211
2025-07-08T00:40:20+05:30,Lockdown,-,'Lockdown' exploit prevented in Windows Command Processor,-,Low,No,msedge.exe,0,ALTERMEDRCM\bimal.x171,Global User Group,Altermed-153,Global Computer Group,192.168.6.170
2025-07-08T00:40:20+05:30,Lockdown,-,'Lockdown' exploit prevented in Windows Command Processor,-,Low,No,msedge.exe,0,ALTERMEDRCM\bimal.x171,Global User Group,Altermed-153,Global Computer Group,192.168.6.170
2025-07-08T00:40:20+05:30,Lockdown,-,'Lockdown' exploit prevented in Windows Command Processor,-,Low,No,msedge.exe,0,ALTERMEDRCM\bimal.x171,Global User Group,Altermed-153,Global Computer Group,192.168.6.170
2025-07-08T00:38:40+05:30,Lockdown,-,'Lockdown' exploit prevented in Windows Command Processor,-,Low,No,-,-,ALTERMEDRCM\Vivek.Yadav153,Global User Group,Altermed-100,Global Computer Group,192.168.6.39
2025-07-08T00:38:40+05:30,Lockdown,-,'Lockdown' exploit prevented in Windows Command Processor,-,Low,No,-,-,ALTERMEDRCM\Vivek.Yadav153,Global User Group,Altermed-100,Global Computer Group,192.168.6.39
2025-07-08T00:38:40+05:30,Lockdown,-,'Lockdown' exploit prevented in Windows Command Processor,-,Low,No,-,-,ALTERMEDRCM\Vivek.Yadav153,Global User Group,Altermed-100,Global Computer Group,192.168.6.39
2025-07-08T00:38:04+05:30,Lockdown,-,'Lockdown' exploit prevented in Windows Command Processor,-,Low,No,-,-,ALTERMEDRCM\Vivek.Yadav153,Global User Group,Altermed-100,Global Computer Group,192.168.6.39
2025-07-08T00:38:04+05:30,Lockdown,-,'Lockdown' exploit prevented in Windows Command Processor,-,Low,No,-,-,ALTERMEDRCM\Vivek.Yadav153,Global User Group,Altermed-100,Global Computer Group,192.168.6.39
2025-07-08T00:38:04+05:30,Lockdown,-,'Lockdown' exploit prevented in Windows Command Processor,-,Low,No,msedge.exe,0,ALTERMEDRCM\Vivek.Yadav153,Global User Group,Altermed-100,Global Computer Group,192.168.6.39
2025-07-08T00:36:45+05:30,Lockdown,-,'Lockdown' exploit prevented in Windows Command Processor,-,Low,No,msedge.exe,0,ALTERMEDRCM\Husan.Kumar303,Global User Group,Altermed-130,Global Computer Group,192.168.6.182
2025-07-08T00:36:45+05:30,Lockdown,-,'Lockdown' exploit prevented in Windows Command Processor,-,Low,No,msedge.exe,0,ALTERMEDRCM\Husan.Kumar303,Global User Group,Altermed-130,Global Computer Group,192.168.6.182
2025-07-08T00:36:27+05:30,Lockdown,-,'Lockdown' exploit prevented in Windows Command Processor,-,Low,No,msedge.exe,0,ALTERMEDRCM\Husan.Kumar303,Global User Group,Altermed-130,Global Computer Group,192.168.6.182
2025-07-08T00:36:27+05:30,Lockdown,-,'Lockdown' exploit prevented in Windows Command Processor,-,Low,No,msedge.exe,0,ALTERMEDRCM\Husan.Kumar303,Global User Group,Altermed-130,Global Computer Group,192.168.6.182
2025-07-08T00:36:27+05:30,Lockdown,-,'Lockdown' exploit prevented in Windows Command Processor,-,Low,No,msedge.exe,0,ALTERMEDRCM\Husan.Kumar303,Global User Group,Altermed-130,Global Computer Group,192.168.6.182
2025-07-08T00:36:27+05:30,Lockdown,-,'Lockdown' exploit prevented in Windows Command Processor,-,Low,No,msedge.exe,0,ALTERMEDRCM\Husan.Kumar303,Global User Group,Altermed-130,Global Computer Group,192.168.6.182
2025-07-08T00:36:27+05:30,Lockdown,-,'Lockdown' exploit prevented in Windows Command Processor,-,Low,No,msedge.exe,0,ALTERMEDRCM\Husan.Kumar303,Global User Group,Altermed-130,Global Computer Group,192.168.6.182
2025-07-08T00:36:27+05:30,Lockdown,-,'Lockdown' exploit prevented in Windows Command Processor,-,Low,No,msedge.exe,0,ALTERMEDRCM\Husan.Kumar303,Global User Group,Altermed-130,Global Computer Group,192.168.6.182
2025-07-08T00:36:12+05:30,Lockdown,-,'Lockdown' exploit prevented in Windows Command Processor,-,Low,No,msedge.exe,0,ALTERMEDRCM\Husan.Kumar303,Global User Group,Altermed-130,Global Computer Group,192.168.6.182
2025-07-08T00:36:12+05:30,Lockdown,-,'Lockdown' exploit prevented in Windows Command Processor,-,Low,No,-,-,ALTERMEDRCM\Husan.Kumar303,Global User Group,Altermed-130,Global Computer Group,192.168.6.182
2025-07-08T00:35:56+05:30,Lockdown,-,'Lockdown' exploit prevented in Windows Command Processor,-,Low,No,-,-,ALTERMEDRCM\Diksha.Sharma102,Global User Group,Altermed-27,Global Computer Group,192.168.6.50
2025-07-08T00:35:56+05:30,Lockdown,-,'Lockdown' exploit prevented in Windows Command Processor,-,Low,No,-,-,ALTERMEDRCM\Diksha.Sharma102,Global User Group,Altermed-27,Global Computer Group,192.168.6.50
2025-07-08T00:35:51+05:30,Lockdown,-,'Lockdown' exploit prevented in Windows Command Processor,-,Low,No,-,-,ALTERMEDRCM\Diksha.Sharma102,Global User Group,Altermed-27,Global Computer Group,192.168.6.50
2025-07-08T00:35:51+05:30,Lockdown,-,'Lockdown' exploit prevented in Windows Command Processor,-,Low,No,-,-,ALTERMEDRCM\Diksha.Sharma102,Global User Group,Altermed-27,Global Computer Group,192.168.6.50
2025-07-08T00:35:51+05:30,Lockdown,-,'Lockdown' exploit prevented in Windows Command Processor,-,Low,No,-,-,ALTERMEDRCM\Diksha.Sharma102,Global User Group,Altermed-27,Global Computer Group,192.168.6.50
2025-07-08T00:35:51+05:30,Lockdown,-,'Lockdown' exploit prevented in Windows Command Processor,-,Low,No,-,-,ALTERMEDRCM\Diksha.Sharma102,Global User Group,Altermed-27,Global Computer Group,192.168.6.50
2025-07-08T00:35:51+05:30,Lockdown,-,'Lockdown' exploit prevented in Windows Command Processor,-,Low,No,-,-,ALTERMEDRCM\Diksha.Sharma102,Global User Group,Altermed-27,Global Computer Group,192.168.6.50
2025-07-08T00:35:51+05:30,Lockdown,-,'Lockdown' exploit prevented in Windows Command Processor,-,Low,No,-,-,ALTERMEDRCM\Diksha.Sharma102,Global User Group,Altermed-27,Global Computer Group,192.168.6.50
2025-07-08T00:35:44+05:30,Lockdown,-,'Lockdown' exploit prevented in Windows Command Processor,-,Low,No,chrome.exe,0,ALTERMEDRCM\Karandeep.Singh242,Global User Group,Altermed-167,Global Computer Group,192.168.6.187
2025-07-08T00:35:39+05:30,Lockdown,-,'Lockdown' exploit prevented in Windows Command Processor,-,Low,No,chrome.exe,0,ALTERMEDRCM\Karandeep.Singh242,Global User Group,Altermed-167,Global Computer Group,192.168.6.187
2025-07-08T00:35:39+05:30,Lockdown,-,'Lockdown' exploit prevented in Windows Command Processor,-,Low,No,chrome.exe,0,ALTERMEDRCM\Karandeep.Singh242,Global User Group,Altermed-167,Global Computer Group,192.168.6.187
2025-07-08T00:35:39+05:30,Lockdown,-,'Lockdown' exploit prevented in Windows Command Processor,-,Low,No,chrome.exe,0,ALTERMEDRCM\Karandeep.Singh242,Global User Group,Altermed-167,Global Computer Group,192.168.6.187
2025-07-08T00:35:39+05:30,Lockdown,-,'Lockdown' exploit prevented in Windows Command Processor,-,Low,No,chrome.exe,0,ALTERMEDRCM\Karandeep.Singh242,Global User Group,Altermed-167,Global Computer Group,192.168.6.187
2025-07-08T00:35:39+05:30,Lockdown,-,'Lockdown' exploit prevented in Windows Command Processor,-,Low,No,chrome.exe,0,ALTERMEDRCM\Karandeep.Singh242,Global User Group,Altermed-167,Global Computer Group,192.168.6.187
2025-07-08T00:35:39+05:30,Lockdown,-,'Lockdown' exploit prevented in Windows Command Processor,-,Low,No,chrome.exe,0,ALTERMEDRCM\Karandeep.Singh242,Global User Group,Altermed-167,Global Computer Group,192.168.6.187
2025-07-08T00:35:32+05:30,Lockdown,-,'Lockdown' exploit prevented in Windows Command Processor,-,Low,No,-,-,ALTERMEDRCM\Diksha.Sharma102,Global User Group,Altermed-27,Global Computer Group,192.168.6.50
2025-07-08T00:35:32+05:30,Lockdown,-,'Lockdown' exploit prevented in Windows Command Processor,-,Low,No,-,-,ALTERMEDRCM\Diksha.Sharma102,Global User Group,Altermed-27,Global Computer Group,192.168.6.50
2025-07-08T00:35:18+05:30,Lockdown,-,'Lockdown' exploit prevented in Windows Command Processor,-,Low,No,chrome.exe,0,ALTERMEDRCM\Karandeep.Singh242,Global User Group,Altermed-167,Global Computer Group,192.168.6.187
2025-07-08T00:35:18+05:30,Lockdown,-,'Lockdown' exploit prevented in Windows Command Processor,-,Low,No,chrome.exe,0,ALTERMEDRCM\Karandeep.Singh242,Global User Group,Altermed-167,Global Computer Group,192.168.6.187
2025-07-08T00:34:51+05:30,Lockdown,-,'Lockdown' exploit prevented in Windows Command Processor,-,Low,No,-,-,ALTERMEDRCM\Kewal.krishan382,Global User Group,ALtermed-151,Global Computer Group,192.168.6.235
2025-07-08T00:34:51+05:30,Lockdown,-,'Lockdown' exploit prevented in Windows Command Processor,-,Low,No,-,-,ALTERMEDRCM\Kewal.krishan382,Global User Group,ALtermed-151,Global Computer Group,192.168.6.235
2025-07-08T00:34:12+05:30,Lockdown,-,'Lockdown' exploit prevented in Windows Command Processor,-,Low,No,-,-,ALTERMEDRCM\Husan.Kumar303,Global User Group,Altermed-130,Global Computer Group,192.168.6.182
2025-07-08T00:34:12+05:30,Lockdown,-,'Lockdown' exploit prevented in Windows Command Processor,-,Low,No,-,-,ALTERMEDRCM\Husan.Kumar303,Global User Group,Altermed-130,Global Computer Group,192.168.6.182
2025-07-08T00:34:12+05:30,Lockdown,-,'Lockdown' exploit prevented in Windows Command Processor,-,Low,No,-,-,ALTERMEDRCM\Husan.Kumar303,Global User Group,Altermed-130,Global Computer Group,192.168.6.182
2025-07-08T00:34:12+05:30,Lockdown,-,'Lockdown' exploit prevented in Windows Command Processor,-,Low,No,-,-,ALTERMEDRCM\Husan.Kumar303,Global User Group,Altermed-130,Global Computer Group,192.168.6.182
2025-07-08T00:34:12+05:30,Lockdown,-,'Lockdown' exploit prevented in Windows Command Processor,-,Low,No,-,-,ALTERMEDRCM\Husan.Kumar303,Global User Group,Altermed-130,Global Computer Group,192.168.6.182
2025-07-08T00:34:12+05:30,Lockdown,-,'Lockdown' exploit prevented in Windows Command Processor,-,Low,No,-,-,ALTERMEDRCM\Husan.Kumar303,Global User Group,Altermed-130,Global Computer Group,192.168.6.182
2025-07-08T00:34:11+05:30,Lockdown,-,'Lockdown' exploit prevented in Windows Command Processor,-,Low,No,-,-,ALTERMEDRCM\Husan.Kumar303,Global User Group,Altermed-130,Global Computer Group,192.168.6.182
2025-07-08T00:34:11+05:30,Lockdown,-,'Lockdown' exploit prevented in Windows Command Processor,-,Low,No,-,-,ALTERMEDRCM\Husan.Kumar303,Global User Group,Altermed-130,Global Computer Group,192.168.6.182
2025-07-08T00:34:03+05:30,Lockdown,-,'Lockdown' exploit prevented in Windows Command Processor,-,Low,No,-,-,ALTERMEDRCM\Diksha.Sharma102,Global User Group,Altermed-27,Global Computer Group,192.168.6.50
2025-07-08T00:34:03+05:30,Lockdown,-,'Lockdown' exploit prevented in Windows Command Processor,-,Low,No,-,-,ALTERMEDRCM\Diksha.Sharma102,Global User Group,Altermed-27,Global Computer Group,192.168.6.50
2025-07-08T00:34:03+05:30,Lockdown,-,'Lockdown' exploit prevented in Windows Command Processor,-,Low,No,-,-,ALTERMEDRCM\Diksha.Sharma102,Global User Group,Altermed-27,Global Computer Group,192.168.6.50
2025-07-08T00:34:03+05:30,Lockdown,-,'Lockdown' exploit prevented in Windows Command Processor,-,Low,No,-,-,ALTERMEDRCM\Diksha.Sharma102,Global User Group,Altermed-27,Global Computer Group,192.168.6.50
2025-07-08T00:34:03+05:30,Lockdown,-,'Lockdown' exploit prevented in Windows Command Processor,-,Low,No,-,-,ALTERMEDRCM\Diksha.Sharma102,Global User Group,Altermed-27,Global Computer Group,192.168.6.50
2025-07-08T00:33:58+05:30,Lockdown,-,'Lockdown' exploit prevented in Windows Command Processor,-,Low,No,-,-,ALTERMEDRCM\Kewal.krishan382,Global User Group,ALtermed-151,Global Computer Group,192.168.6.235
2025-07-08T00:33:58+05:30,Lockdown,-,'Lockdown' exploit prevented in Windows Command Processor,-,Low,No,-,-,ALTERMEDRCM\Kewal.krishan382,Global User Group,ALtermed-151,Global Computer Group,192.168.6.235
2025-07-08T00:33:57+05:30,Lockdown,-,'Lockdown' exploit prevented in Windows Command Processor,-,Low,No,-,-,ALTERMEDRCM\Diksha.Sharma102,Global User Group,Altermed-27,Global Computer Group,192.168.6.50
2025-07-08T00:33:52+05:30,Lockdown,-,'Lockdown' exploit prevented in Windows Command Processor,-,Low,No,-,-,ALTERMEDRCM\Diksha.Sharma102,Global User Group,Altermed-27,Global Computer Group,192.168.6.50
2025-07-08T00:33:52+05:30,Lockdown,-,'Lockdown' exploit prevented in Windows Command Processor,-,Low,No,-,-,ALTERMEDRCM\Diksha.Sharma102,Global User Group,Altermed-27,Global Computer Group,192.168.6.50
2025-07-08T00:33:26+05:30,Lockdown,-,'Lockdown' exploit prevented in Windows Command Processor,-,Low,No,-,-,ALTERMEDRCM\Husan.Kumar303,Global User Group,Altermed-130,Global Computer Group,192.168.6.182
2025-07-08T00:33:26+05:30,Lockdown,-,'Lockdown' exploit prevented in Windows Command Processor,-,Low,No,-,-,ALTERMEDRCM\Husan.Kumar303,Global User Group,Altermed-130,Global Computer Group,192.168.6.182
2025-07-08T00:33:26+05:30,Lockdown,-,'Lockdown' exploit prevented in Windows Command Processor,-,Low,No,-,-,ALTERMEDRCM\Husan.Kumar303,Global User Group,Altermed-130,Global Computer Group,192.168.6.182
2025-07-08T00:33:03+05:30,Lockdown,-,'Lockdown' exploit prevented in Windows Command Processor,-,Low,No,msedge.exe,0,ALTERMEDRCM\Mohit.Mehra236,Global User Group,Altermed-39,Global Computer Group,192.168.6.67
2025-07-08T00:32:58+05:30,Lockdown,-,'Lockdown' exploit prevented in Windows Command Processor,-,Low,No,msedge.exe,0,ALTERMEDRCM\Mohit.Mehra236,Global User Group,Altermed-39,Global Computer Group,192.168.6.67
2025-07-08T00:32:58+05:30,Lockdown,-,'Lockdown' exploit prevented in Windows Command Processor,-,Low,No,msedge.exe,0,ALTERMEDRCM\Mohit.Mehra236,Global User Group,Altermed-39,Global Computer Group,192.168.6.67
2025-07-08T00:32:58+05:30,Lockdown,-,'Lockdown' exploit prevented in Windows Command Processor,-,Low,No,msedge.exe,0,ALTERMEDRCM\Mohit.Mehra236,Global User Group,Altermed-39,Global Computer Group,192.168.6.67
2025-07-08T00:32:58+05:30,Lockdown,-,'Lockdown' exploit prevented in Windows Command Processor,-,Low,No,msedge.exe,0,ALTERMEDRCM\Mohit.Mehra236,Global User Group,Altermed-39,Global Computer Group,192.168.6.67
2025-07-08T00:32:58+05:30,Lockdown,-,'Lockdown' exploit prevented in Windows Command Processor,-,Low,No,msedge.exe,0,ALTERMEDRCM\Mohit.Mehra236,Global User Group,Altermed-39,Global Computer Group,192.168.6.67
2025-07-08T00:32:58+05:30,Lockdown,-,'Lockdown' exploit prevented in Windows Command Processor,-,Low,No,msedge.exe,0,ALTERMEDRCM\Mohit.Mehra236,Global User Group,Altermed-39,Global Computer Group,192.168.6.67
2025-07-08T00:32:58+05:30,Lockdown,-,'Lockdown' exploit prevented in Windows Command Processor,-,Low,No,msedge.exe,0,ALTERMEDRCM\Mohit.Mehra236,Global User Group,Altermed-39,Global Computer Group,192.168.6.67
2025-07-08T00:32:53+05:30,Lockdown,-,'Lockdown' exploit prevented in Windows Command Processor,-,Low,No,msedge.exe,0,ALTERMEDRCM\Mohit.Mehra236,Global User Group,Altermed-39,Global Computer Group,192.168.6.67
2025-07-08T00:32:53+05:30,Lockdown,-,'Lockdown' exploit prevented in Windows Command Processor,-,Low,No,msedge.exe,0,ALTERMEDRCM\Mohit.Mehra236,Global User Group,Altermed-39,Global Computer Group,192.168.6.67
2025-07-08T00:32:39+05:30,Lockdown,-,'Lockdown' exploit prevented in Windows Command Processor,-,Low,No,msedge.exe,0,ALTERMEDRCM\vikas.X379,Global User Group,Altermed-62,Global Computer Group,192.168.6.139
2025-07-08T00:32:39+05:30,Lockdown,-,'Lockdown' exploit prevented in Windows Command Processor,-,Low,No,-,-,ALTERMEDRCM\vikas.X379,Global User Group,Altermed-62,Global Computer Group,192.168.6.139
2025-07-08T00:32:39+05:30,Lockdown,-,'Lockdown' exploit prevented in Windows Command Processor,-,Low,No,msedge.exe,0,ALTERMEDRCM\vikas.X379,Global User Group,Altermed-62,Global Computer Group,192.168.6.139
2025-07-08T00:32:39+05:30,Lockdown,-,'Lockdown' exploit prevented in Windows Command Processor,-,Low,No,msedge.exe,0,ALTERMEDRCM\vikas.X379,Global User Group,Altermed-62,Global Computer Group,192.168.6.139
2025-07-08T00:32:39+05:30,Lockdown,-,'Lockdown' exploit prevented in Windows Command Processor,-,Low,No,msedge.exe,0,ALTERMEDRCM\vikas.X379,Global User Group,Altermed-62,Global Computer Group,192.168.6.139
2025-07-08T00:32:39+05:30,Lockdown,-,'Lockdown' exploit prevented in Windows Command Processor,-,Low,No,msedge.exe,0,ALTERMEDRCM\vikas.X379,Global User Group,Altermed-62,Global Computer Group,192.168.6.139
2025-07-08T00:32:39+05:30,Lockdown,-,'Lockdown' exploit prevented in Windows Command Processor,-,Low,No,msedge.exe,0,ALTERMEDRCM\vikas.X379,Global User Group,Altermed-62,Global Computer Group,192.168.6.139
2025-07-08T00:32:34+05:30,Lockdown,-,'Lockdown' exploit prevented in Windows Command Processor,-,Low,No,msedge.exe,0,ALTERMEDRCM\vikas.X379,Global User Group,Altermed-62,Global Computer Group,192.168.6.139
2025-07-08T00:32:34+05:30,Lockdown,-,'Lockdown' exploit prevented in Windows Command Processor,-,Low,No,msedge.exe,0,ALTERMEDRCM\vikas.X379,Global User Group,Altermed-62,Global Computer Group,192.168.6.139
2025-07-08T00:31:59+05:30,Lockdown,-,'Lockdown' exploit prevented in Windows Command Processor,-,Low,No,msedge.exe,0,ALTERMEDRCM\vikas.X379,Global User Group,Altermed-62,Global Computer Group,192.168.6.139
2025-07-08T00:31:59+05:30,Lockdown,-,'Lockdown' exploit prevented in Windows Command Processor,-,Low,No,-,-,ALTERMEDRCM\vikas.X379,Global User Group,Altermed-62,Global Computer Group,192.168.6.139
2025-07-08T00:31:46+05:30,Lockdown,-,'Lockdown' exploit prevented in Windows Command Processor,-,Low,No,-,-,ALTERMEDRCM\Diksha.Sharma102,Global User Group,Altermed-27,Global Computer Group,192.168.6.50
2025-07-08T00:31:40+05:30,Lockdown,-,'Lockdown' exploit prevented in Windows Command Processor,-,Low,No,-,-,ALTERMEDRCM\Diksha.Sharma102,Global User Group,Altermed-27,Global Computer Group,192.168.6.50
2025-07-08T00:31:40+05:30,Lockdown,-,'Lockdown' exploit prevented in Windows Command Processor,-,Low,No,-,-,ALTERMEDRCM\Diksha.Sharma102,Global User Group,Altermed-27,Global Computer Group,192.168.6.50
2025-07-08T00:31:40+05:30,Lockdown,-,'Lockdown' exploit prevented in Windows Command Processor,-,Low,No,-,-,ALTERMEDRCM\Diksha.Sharma102,Global User Group,Altermed-27,Global Computer Group,192.168.6.50
2025-07-08T00:31:40+05:30,Lockdown,-,'Lockdown' exploit prevented in Windows Command Processor,-,Low,No,ms-teams.exe,0,ALTERMEDRCM\Diksha.Sharma102,Global User Group,Altermed-27,Global Computer Group,192.168.6.50
2025-07-08T00:31:40+05:30,Lockdown,-,'Lockdown' exploit prevented in Windows Command Processor,-,Low,No,ms-teams.exe,0,ALTERMEDRCM\Diksha.Sharma102,Global User Group,Altermed-27,Global Computer Group,192.168.6.50
2025-07-08T00:31:40+05:30,Lockdown,-,'Lockdown' exploit prevented in Windows Command Processor,-,Low,No,ms-teams.exe,0,ALTERMEDRCM\Diksha.Sharma102,Global User Group,Altermed-27,Global Computer Group,192.168.6.50
2025-07-08T00:31:31+05:30,Lockdown,-,'Lockdown' exploit prevented in Windows Command Processor,-,Low,No,-,-,ALTERMEDRCM\Kewal.krishan382,Global User Group,ALtermed-151,Global Computer Group,192.168.6.235
2025-07-08T00:31:31+05:30,Lockdown,-,'Lockdown' exploit prevented in Windows Command Processor,-,Low,No,-,-,ALTERMEDRCM\Kewal.krishan382,Global User Group,ALtermed-151,Global Computer Group,192.168.6.235
2025-07-08T00:31:31+05:30,Lockdown,-,'Lockdown' exploit prevented in Windows Command Processor,-,Low,No,-,-,ALTERMEDRCM\Kewal.krishan382,Global User Group,ALtermed-151,Global Computer Group,192.168.6.235
2025-07-08T00:31:31+05:30,Lockdown,-,'Lockdown' exploit prevented in Windows Command Processor,-,Low,No,-,-,ALTERMEDRCM\Kewal.krishan382,Global User Group,ALtermed-151,Global Computer Group,192.168.6.235
2025-07-08T00:31:25+05:30,Lockdown,-,'Lockdown' exploit prevented in Windows Command Processor,-,Low,No,-,-,ALTERMEDRCM\Kewal.krishan382,Global User Group,ALtermed-151,Global Computer Group,192.168.6.235
2025-07-08T00:31:25+05:30,Lockdown,-,'Lockdown' exploit prevented in Windows Command Processor,-,Low,No,-,-,ALTERMEDRCM\Kewal.krishan382,Global User Group,ALtermed-151,Global Computer Group,192.168.6.235
2025-07-08T00:31:25+05:30,Lockdown,-,'Lockdown' exploit prevented in Windows Command Processor,-,Low,No,-,-,ALTERMEDRCM\Kewal.krishan382,Global User Group,ALtermed-151,Global Computer Group,192.168.6.235
2025-07-08T00:31:25+05:30,Lockdown,-,'Lockdown' exploit prevented in Windows Command Processor,-,Low,No,-,-,ALTERMEDRCM\Kewal.krishan382,Global User Group,ALtermed-151,Global Computer Group,192.168.6.235
2025-07-08T00:31:09+05:30,Lockdown,-,'Lockdown' exploit prevented in Windows Command Processor,-,Low,No,ms-teams.exe,0,ALTERMEDRCM\Diksha.Sharma102,Global User Group,Altermed-27,Global Computer Group,192.168.6.50
2025-07-08T00:31:09+05:30,Lockdown,-,'Lockdown' exploit prevented in Windows Command Processor,-,Low,No,ms-teams.exe,0,ALTERMEDRCM\Diksha.Sharma102,Global User Group,Altermed-27,Global Computer Group,192.168.6.50
2025-07-08T00:30:54+05:30,Lockdown,-,'Lockdown' exploit prevented in Windows Command Processor,-,Low,No,-,-,ALTERMEDRCM\Kewal.krishan382,Global User Group,ALtermed-151,Global Computer Group,192.168.6.235
2025-07-08T00:30:46+05:30,Lockdown,-,'Lockdown' exploit prevented in Windows Command Processor,-,Low,No,msedge.exe,0,ALTERMEDRCM\Mukesh.Thakur56,Global User Group,Altermed-137,Global Computer Group,192.168.6.196
2025-07-08T00:30:46+05:30,Lockdown,-,'Lockdown' exploit prevented in Windows Command Processor,-,Low,No,-,-,ALTERMEDRCM\Mukesh.Thakur56,Global User Group,Altermed-137,Global Computer Group,192.168.6.196
2025-07-08T00:30:35+05:30,Lockdown,-,'Lockdown' exploit prevented in Windows Command Processor,-,Low,No,msedge.exe,0,ALTERMEDRCM\Kewal.krishan382,Global User Group,ALtermed-151,Global Computer Group,192.168.6.235
2025-07-08T00:30:35+05:30,Lockdown,-,'Lockdown' exploit prevented in Windows Command Processor,-,Low,No,-,-,ALTERMEDRCM\Kewal.krishan382,Global User Group,ALtermed-151,Global Computer Group,192.168.6.235
2025-07-08T00:30:35+05:30,Lockdown,-,'Lockdown' exploit prevented in Windows Command Processor,-,Low,No,-,-,ALTERMEDRCM\Kewal.krishan382,Global User Group,ALtermed-151,Global Computer Group,192.168.6.235
2025-07-08T00:30:35+05:30,Lockdown,-,'Lockdown' exploit prevented in Windows Command Processor,-,Low,No,-,-,ALTERMEDRCM\Kewal.krishan382,Global User Group,ALtermed-151,Global Computer Group,192.168.6.235
2025-07-08T00:30:35+05:30,Lockdown,-,'Lockdown' exploit prevented in Windows Command Processor,-,Low,No,-,-,ALTERMEDRCM\Kewal.krishan382,Global User Group,ALtermed-151,Global Computer Group,192.168.6.235
2025-07-08T00:30:35+05:30,Lockdown,-,'Lockdown' exploit prevented in Windows Command Processor,-,Low,No,-,-,ALTERMEDRCM\Kewal.krishan382,Global User Group,ALtermed-151,Global Computer Group,192.168.6.235
2025-07-08T00:30:30+05:30,Lockdown,-,'Lockdown' exploit prevented in Windows Command Processor,-,Low,No,-,-,ALTERMEDRCM\Kewal.krishan382,Global User Group,ALtermed-151,Global Computer Group,192.168.6.235
2025-07-08T00:30:30+05:30,Lockdown,-,'Lockdown' exploit prevented in Windows Command Processor,-,Low,No,-,-,ALTERMEDRCM\Kewal.krishan382,Global User Group,ALtermed-151,Global Computer Group,192.168.6.235
2025-07-08T00:29:36+05:30,Lockdown,-,'Lockdown' exploit prevented in Windows Command Processor,-,Low,No,-,-,ALTERMEDRCM\Kewal.krishan382,Global User Group,ALtermed-151,Global Computer Group,192.168.6.235
2025-07-08T00:29:31+05:30,Lockdown,-,'Lockdown' exploit prevented in Windows Command Processor,-,Low,No,msedge.exe,0,ALTERMEDRCM\Kewal.krishan382,Global User Group,ALtermed-151,Global Computer Group,192.168.6.235
2025-07-08T00:29:31+05:30,Lockdown,-,'Lockdown' exploit prevented in Windows Command Processor,-,Low,No,msedge.exe,0,ALTERMEDRCM\Kewal.krishan382,Global User Group,ALtermed-151,Global Computer Group,192.168.6.235
2025-07-08T00:29:31+05:30,Lockdown,-,'Lockdown' exploit prevented in Windows Command Processor,-,Low,No,msedge.exe,0,ALTERMEDRCM\Kewal.krishan382,Global User Group,ALtermed-151,Global Computer Group,192.168.6.235
2025-07-08T00:29:31+05:30,Lockdown,-,'Lockdown' exploit prevented in Windows Command Processor,-,Low,No,-,-,ALTERMEDRCM\Kewal.krishan382,Global User Group,ALtermed-151,Global Computer Group,192.168.6.235
2025-07-08T00:29:31+05:30,Lockdown,-,'Lockdown' exploit prevented in Windows Command Processor,-,Low,No,-,-,ALTERMEDRCM\Kewal.krishan382,Global User Group,ALtermed-151,Global Computer Group,192.168.6.235
2025-07-08T00:29:31+05:30,Lockdown,-,'Lockdown' exploit prevented in Windows Command Processor,-,Low,No,-,-,ALTERMEDRCM\Kewal.krishan382,Global User Group,ALtermed-151,Global Computer Group,192.168.6.235
2025-07-08T00:29:31+05:30,Lockdown,-,'Lockdown' exploit prevented in Windows Command Processor,-,Low,No,-,-,ALTERMEDRCM\Kewal.krishan382,Global User Group,ALtermed-151,Global Computer Group,192.168.6.235
2025-07-08T00:29:26+05:30,Lockdown,-,'Lockdown' exploit prevented in Windows Command Processor,-,Low,No,msedge.exe,0,ALTERMEDRCM\Kewal.krishan382,Global User Group,ALtermed-151,Global Computer Group,192.168.6.235
2025-07-08T00:29:26+05:30,Lockdown,-,'Lockdown' exploit prevented in Windows Command Processor,-,Low,No,-,-,ALTERMEDRCM\Kewal.krishan382,Global User Group,ALtermed-151,Global Computer Group,192.168.6.235
2025-07-08T00:29:11+05:30,Lockdown,-,'Lockdown' exploit prevented in Windows Command Processor,-,Low,No,msedge.exe,0,ALTERMEDRCM\Mukesh.Thakur56,Global User Group,Altermed-137,Global Computer Group,192.168.6.196
2025-07-08T00:28:52+05:30,Lockdown,-,'Lockdown' exploit prevented in Windows Command Processor,-,Low,No,msedge.exe,0,ALTERMEDRCM\Mukesh.Thakur56,Global User Group,Altermed-137,Global Computer Group,192.168.6.196
2025-07-08T00:28:47+05:30,Lockdown,-,'Lockdown' exploit prevented in Windows Command Processor,-,Low,No,msedge.exe,0,ALTERMEDRCM\Mukesh.Thakur56,Global User Group,Altermed-137,Global Computer Group,192.168.6.196
2025-07-08T00:28:47+05:30,Lockdown,-,'Lockdown' exploit prevented in Windows Command Processor,-,Low,No,msedge.exe,0,ALTERMEDRCM\Mukesh.Thakur56,Global User Group,Altermed-137,Global Computer Group,192.168.6.196
2025-07-08T00:28:47+05:30,Lockdown,-,'Lockdown' exploit prevented in Windows Command Processor,-,Low,No,msedge.exe,0,ALTERMEDRCM\Mukesh.Thakur56,Global User Group,Altermed-137,Global Computer Group,192.168.6.196
2025-07-08T00:28:47+05:30,Lockdown,-,'Lockdown' exploit prevented in Windows Command Processor,-,Low,No,msedge.exe,0,ALTERMEDRCM\Mukesh.Thakur56,Global User Group,Altermed-137,Global Computer Group,192.168.6.196
2025-07-08T00:28:47+05:30,Lockdown,-,'Lockdown' exploit prevented in Windows Command Processor,-,Low,No,msedge.exe,0,ALTERMEDRCM\Mukesh.Thakur56,Global User Group,Altermed-137,Global Computer Group,192.168.6.196
2025-07-08T00:28:45+05:30,Lockdown,-,'Lockdown' exploit prevented in Windows Command Processor,-,Low,No,msedge.exe,0,ALTERMEDRCM\Kewal.krishan382,Global User Group,ALtermed-151,Global Computer Group,192.168.6.235
2025-07-08T00:28:42+05:30,Lockdown,-,'Lockdown' exploit prevented in Windows Command Processor,-,Low,No,msedge.exe,0,ALTERMEDRCM\Mukesh.Thakur56,Global User Group,Altermed-137,Global Computer Group,192.168.6.196
2025-07-08T00:28:42+05:30,Lockdown,-,'Lockdown' exploit prevented in Windows Command Processor,-,Low,No,msedge.exe,0,ALTERMEDRCM\Mukesh.Thakur56,Global User Group,Altermed-137,Global Computer Group,192.168.6.196
2025-07-08T00:28:40+05:30,Lockdown,-,'Lockdown' exploit prevented in Windows Command Processor,-,Low,No,msedge.exe,0,ALTERMEDRCM\Kewal.krishan382,Global User Group,ALtermed-151,Global Computer Group,192.168.6.235
2025-07-08T00:28:40+05:30,Lockdown,-,'Lockdown' exploit prevented in Windows Command Processor,-,Low,No,msedge.exe,0,ALTERMEDRCM\Kewal.krishan382,Global User Group,ALtermed-151,Global Computer Group,192.168.6.235
2025-07-08T00:28:40+05:30,Lockdown,-,'Lockdown' exploit prevented in Windows Command Processor,-,Low,No,msedge.exe,0,ALTERMEDRCM\Kewal.krishan382,Global User Group,ALtermed-151,Global Computer Group,192.168.6.235
2025-07-08T00:28:40+05:30,Lockdown,-,'Lockdown' exploit prevented in Windows Command Processor,-,Low,No,msedge.exe,0,ALTERMEDRCM\Kewal.krishan382,Global User Group,ALtermed-151,Global Computer Group,192.168.6.235
2025-07-08T00:28:40+05:30,Lockdown,-,'Lockdown' exploit prevented in Windows Command Processor,-,Low,No,msedge.exe,0,ALTERMEDRCM\Kewal.krishan382,Global User Group,ALtermed-151,Global Computer Group,192.168.6.235
2025-07-08T00:28:40+05:30,Lockdown,-,'Lockdown' exploit prevented in Windows Command Processor,-,Low,No,-,-,ALTERMEDRCM\Kewal.krishan382,Global User Group,ALtermed-151,Global Computer Group,192.168.6.235
2025-07-08T00:28:35+05:30,Lockdown,-,'Lockdown' exploit prevented in Windows Command Processor,-,Low,No,msedge.exe,0,ALTERMEDRCM\harmandeep.kaur128,Global User Group,Altermed-149,Global Computer Group,192.168.6.68
2025-07-08T00:28:35+05:30,Lockdown,-,'Lockdown' exploit prevented in Windows Command Processor,-,Low,No,msedge.exe,0,ALTERMEDRCM\harmandeep.kaur128,Global User Group,Altermed-149,Global Computer Group,192.168.6.68
2025-07-08T00:28:35+05:30,Lockdown,-,'Lockdown' exploit prevented in Windows Command Processor,-,Low,No,msedge.exe,0,ALTERMEDRCM\harmandeep.kaur128,Global User Group,Altermed-149,Global Computer Group,192.168.6.68
2025-07-08T00:28:35+05:30,Lockdown,-,'Lockdown' exploit prevented in Windows Command Processor,-,Low,No,msedge.exe,0,ALTERMEDRCM\harmandeep.kaur128,Global User Group,Altermed-149,Global Computer Group,192.168.6.68
2025-07-08T00:28:35+05:30,Lockdown,-,'Lockdown' exploit prevented in Windows Command Processor,-,Low,No,msedge.exe,0,ALTERMEDRCM\harmandeep.kaur128,Global User Group,Altermed-149,Global Computer Group,192.168.6.68
2025-07-08T00:28:35+05:30,Lockdown,-,'Lockdown' exploit prevented in Windows Command Processor,-,Low,No,msedge.exe,0,ALTERMEDRCM\harmandeep.kaur128,Global User Group,Altermed-149,Global Computer Group,192.168.6.68
2025-07-08T00:28:35+05:30,Lockdown,-,'Lockdown' exploit prevented in Windows Command Processor,-,Low,No,msedge.exe,0,ALTERMEDRCM\harmandeep.kaur128,Global User Group,Altermed-149,Global Computer Group,192.168.6.68
2025-07-08T00:28:08+05:30,Lockdown,-,'Lockdown' exploit prevented in Windows Command Processor,-,Low,No,-,-,ALTERMEDRCM\vikas.X379,Global User Group,Altermed-62,Global Computer Group,192.168.6.139
2025-07-08T00:28:08+05:30,Lockdown,-,'Lockdown' exploit prevented in Windows Command Processor,-,Low,No,-,-,ALTERMEDRCM\vikas.X379,Global User Group,Altermed-62,Global Computer Group,192.168.6.139
2025-07-08T00:28:08+05:30,Lockdown,-,'Lockdown' exploit prevented in Windows Command Processor,-,Low,No,-,-,ALTERMEDRCM\vikas.X379,Global User Group,Altermed-62,Global Computer Group,192.168.6.139
2025-07-08T00:28:08+05:30,Lockdown,-,'Lockdown' exploit prevented in Windows Command Processor,-,Low,No,-,-,ALTERMEDRCM\vikas.X379,Global User Group,Altermed-62,Global Computer Group,192.168.6.139
2025-07-08T00:28:08+05:30,Lockdown,-,'Lockdown' exploit prevented in Windows Command Processor,-,Low,No,-,-,ALTERMEDRCM\vikas.X379,Global User Group,Altermed-62,Global Computer Group,192.168.6.139
2025-07-08T00:27:54+05:30,Lockdown,-,'Lockdown' exploit prevented in Windows Command Processor,-,Low,No,-,-,ALTERMEDRCM\Abhi.Vadlan188,Global User Group,Altermed-183,Global Computer Group,192.168.6.218
2025-07-08T00:27:54+05:30,Lockdown,-,'Lockdown' exploit prevented in Windows Command Processor,-,Low,No,-,-,ALTERMEDRCM\Rajat.Singh265,Global User Group,Altermed-161,Global Computer Group,192.168.6.72
2025-07-08T00:27:54+05:30,Lockdown,-,'Lockdown' exploit prevented in Windows Command Processor,-,Low,No,-,-,ALTERMEDRCM\Rajat.Singh265,Global User Group,Altermed-161,Global Computer Group,192.168.6.72
2025-07-08T00:27:54+05:30,Lockdown,-,'Lockdown' exploit prevented in Windows Command Processor,-,Low,No,-,-,ALTERMEDRCM\Rajat.Singh265,Global User Group,Altermed-161,Global Computer Group,192.168.6.72
2025-07-08T00:27:43+05:30,Lockdown,-,'Lockdown' exploit prevented in Windows Command Processor,-,Low,No,chrome.exe,0,ALTERMEDRCM\Abhi.Vadlan188,Global User Group,Altermed-183,Global Computer Group,192.168.6.218
2025-07-08T00:27:43+05:30,Lockdown,-,'Lockdown' exploit prevented in Windows Command Processor,-,Low,No,chrome.exe,0,ALTERMEDRCM\Abhi.Vadlan188,Global User Group,Altermed-183,Global Computer Group,192.168.6.218
2025-07-08T00:27:43+05:30,Lockdown,-,'Lockdown' exploit prevented in Windows Command Processor,-,Low,No,chrome.exe,0,ALTERMEDRCM\Abhi.Vadlan188,Global User Group,Altermed-183,Global Computer Group,192.168.6.218
2025-07-08T00:27:43+05:30,Lockdown,-,'Lockdown' exploit prevented in Windows Command Processor,-,Low,No,chrome.exe,0,ALTERMEDRCM\Abhi.Vadlan188,Global User Group,Altermed-183,Global Computer Group,192.168.6.218
2025-07-08T00:27:43+05:30,Lockdown,-,'Lockdown' exploit prevented in Windows Command Processor,-,Low,No,chrome.exe,0,ALTERMEDRCM\Abhi.Vadlan188,Global User Group,Altermed-183,Global Computer Group,192.168.6.218
2025-07-08T00:27:43+05:30,Lockdown,-,'Lockdown' exploit prevented in Windows Command Processor,-,Low,No,chrome.exe,0,ALTERMEDRCM\Abhi.Vadlan188,Global User Group,Altermed-183,Global Computer Group,192.168.6.218
2025-07-08T00:27:23+05:30,Lockdown,-,'Lockdown' exploit prevented in Windows Command Processor,-,Low,No,msedge.exe,0,ALTERMEDRCM\Kewal.krishan382,Global User Group,ALtermed-151,Global Computer Group,192.168.6.235
2025-07-08T00:27:23+05:30,Lockdown,-,'Lockdown' exploit prevented in Windows Command Processor,-,Low,No,msedge.exe,0,ALTERMEDRCM\Kewal.krishan382,Global User Group,ALtermed-151,Global Computer Group,192.168.6.235
2025-07-08T00:27:23+05:30,Lockdown,-,'Lockdown' exploit prevented in Windows Command Processor,-,Low,No,chrome.exe,0,ALTERMEDRCM\Abhi.Vadlan188,Global User Group,Altermed-183,Global Computer Group,192.168.6.218
2025-07-08T00:27:22+05:30,Lockdown,-,'Lockdown' exploit prevented in Windows Command Processor,-,Low,No,chrome.exe,0,ALTERMEDRCM\Abhi.Vadlan188,Global User Group,Altermed-183,Global Computer Group,192.168.6.218
2025-07-08T00:27:06+05:30,Lockdown,-,'Lockdown' exploit prevented in Windows Command Processor,-,Low,No,msedge.exe,0,ALTERMEDRCM\harmandeep.kaur128,Global User Group,Altermed-149,Global Computer Group,192.168.6.68
2025-07-08T00:27:06+05:30,Lockdown,-,'Lockdown' exploit prevented in Windows Command Processor,-,Low,No,msedge.exe,0,ALTERMEDRCM\harmandeep.kaur128,Global User Group,Altermed-149,Global Computer Group,192.168.6.68
2025-07-08T00:25:32+05:30,Lockdown,-,'Lockdown' exploit prevented in Windows Command Processor,-,Low,No,chrome.exe,0,ALTERMEDRCM\Abhi.Vadlan188,Global User Group,Altermed-183,Global Computer Group,192.168.6.218
2025-07-08T00:25:32+05:30,Lockdown,-,'Lockdown' exploit prevented in Windows Command Processor,-,Low,No,chrome.exe,0,ALTERMEDRCM\Abhi.Vadlan188,Global User Group,Altermed-183,Global Computer Group,192.168.6.218
2025-07-08T00:24:06+05:30,Lockdown,-,'Lockdown' exploit prevented in Windows Command Processor,-,Low,No,-,-,ALTERMEDRCM\vikas.X379,Global User Group,Altermed-62,Global Computer Group,192.168.6.139
2025-07-08T00:24:06+05:30,Lockdown,-,'Lockdown' exploit prevented in Windows Command Processor,-,Low,No,-,-,ALTERMEDRCM\vikas.X379,Global User Group,Altermed-62,Global Computer Group,192.168.6.139
2025-07-08T00:24:06+05:30,Lockdown,-,'Lockdown' exploit prevented in Windows Command Processor,-,Low,No,-,-,ALTERMEDRCM\vikas.X379,Global User Group,Altermed-62,Global Computer Group,192.168.6.139
2025-07-08T00:24:06+05:30,Lockdown,-,'Lockdown' exploit prevented in Windows Command Processor,-,Low,No,-,-,ALTERMEDRCM\vikas.X379,Global User Group,Altermed-62,Global Computer Group,192.168.6.139
2025-07-08T00:24:06+05:30,Lockdown,-,'Lockdown' exploit prevented in Windows Command Processor,-,Low,No,-,-,ALTERMEDRCM\vikas.X379,Global User Group,Altermed-62,Global Computer Group,192.168.6.139
2025-07-08T00:24:06+05:30,Lockdown,-,'Lockdown' exploit prevented in Windows Command Processor,-,Low,No,-,-,ALTERMEDRCM\vikas.X379,Global User Group,Altermed-62,Global Computer Group,192.168.6.139
2025-07-08T00:23:53+05:30,Lockdown,-,'Lockdown' exploit prevented in Windows Command Processor,-,Low,No,-,-,ALTERMEDRCM\vikas.X379,Global User Group,Altermed-62,Global Computer Group,192.168.6.139
2025-07-08T00:23:52+05:30,Lockdown,-,'Lockdown' exploit prevented in Windows Command Processor,-,Low,No,-,-,ALTERMEDRCM\vikas.X379,Global User Group,Altermed-62,Global Computer Group,192.168.6.139
2025-07-08T00:22:39+05:30,Lockdown,-,'Lockdown' exploit prevented in Windows Command Processor,-,Low,No,-,-,ALTERMEDRCM\vikas.X379,Global User Group,Altermed-62,Global Computer Group,192.168.6.139
2025-07-08T00:22:39+05:30,Lockdown,-,'Lockdown' exploit prevented in Windows Command Processor,-,Low,No,-,-,ALTERMEDRCM\vikas.X379,Global User Group,Altermed-62,Global Computer Group,192.168.6.139
2025-07-08T00:22:39+05:30,Lockdown,-,'Lockdown' exploit prevented in Windows Command Processor,-,Low,No,-,-,ALTERMEDRCM\vikas.X379,Global User Group,Altermed-62,Global Computer Group,192.168.6.139
2025-07-08T00:22:39+05:30,Lockdown,-,'Lockdown' exploit prevented in Windows Command Processor,-,Low,No,-,-,ALTERMEDRCM\vikas.X379,Global User Group,Altermed-62,Global Computer Group,192.168.6.139
2025-07-08T00:22:39+05:30,Lockdown,-,'Lockdown' exploit prevented in Windows Command Processor,-,Low,No,-,-,ALTERMEDRCM\vikas.X379,Global User Group,Altermed-62,Global Computer Group,192.168.6.139
2025-07-08T00:22:39+05:30,Lockdown,-,'Lockdown' exploit prevented in Windows Command Processor,-,Low,No,-,-,ALTERMEDRCM\vikas.X379,Global User Group,Altermed-62,Global Computer Group,192.168.6.139
2025-07-08T00:22:34+05:30,Lockdown,-,'Lockdown' exploit prevented in Windows Command Processor,-,Low,No,-,-,ALTERMEDRCM\vikas.X379,Global User Group,Altermed-62,Global Computer Group,192.168.6.139
2025-07-08T00:22:34+05:30,Lockdown,-,'Lockdown' exploit prevented in Windows Command Processor,-,Low,No,-,-,ALTERMEDRCM\vikas.X379,Global User Group,Altermed-62,Global Computer Group,192.168.6.139
2025-07-08T00:22:26+05:30,Lockdown,-,'Lockdown' exploit prevented in Windows Command Processor,-,Low,No,-,-,ALTERMEDRCM\Rahul.X272,Global User Group,Altermed-169,Global Computer Group,192.168.6.92
2025-07-08T00:22:26+05:30,Lockdown,-,'Lockdown' exploit prevented in Windows Command Processor,-,Low,No,msedge.exe,0,ALTERMEDRCM\Rahul.X272,Global User Group,Altermed-169,Global Computer Group,192.168.6.92
2025-07-08T00:22:26+05:30,Lockdown,-,'Lockdown' exploit prevented in Windows Command Processor,-,Low,No,msedge.exe,0,ALTERMEDRCM\Rahul.X272,Global User Group,Altermed-169,Global Computer Group,192.168.6.92
2025-07-08T00:22:26+05:30,Lockdown,-,'Lockdown' exploit prevented in Windows Command Processor,-,Low,No,msedge.exe,0,ALTERMEDRCM\Rahul.X272,Global User Group,Altermed-169,Global Computer Group,192.168.6.92
2025-07-08T00:22:21+05:30,Lockdown,-,'Lockdown' exploit prevented in Windows Command Processor,-,Low,No,-,-,ALTERMEDRCM\Rahul.X272,Global User Group,Altermed-169,Global Computer Group,192.168.6.92
2025-07-08T00:22:21+05:30,Lockdown,-,'Lockdown' exploit prevented in Windows Command Processor,-,Low,No,-,-,ALTERMEDRCM\Rahul.X272,Global User Group,Altermed-169,Global Computer Group,192.168.6.92
2025-07-08T00:22:21+05:30,Lockdown,-,'Lockdown' exploit prevented in Windows Command Processor,-,Low,No,-,-,ALTERMEDRCM\Rahul.X272,Global User Group,Altermed-169,Global Computer Group,192.168.6.92
2025-07-08T00:22:21+05:30,Lockdown,-,'Lockdown' exploit prevented in Windows Command Processor,-,Low,No,-,-,ALTERMEDRCM\Rahul.X272,Global User Group,Altermed-169,Global Computer Group,192.168.6.92
2025-07-08T00:22:21+05:30,Lockdown,-,'Lockdown' exploit prevented in Windows Command Processor,-,Low,No,msedge.exe,0,ALTERMEDRCM\Rahul.X272,Global User Group,Altermed-169,Global Computer Group,192.168.6.92
2025-07-08T00:22:21+05:30,Lockdown,-,'Lockdown' exploit prevented in Windows Command Processor,-,Low,No,-,-,ALTERMEDRCM\Rahul.X272,Global User Group,Altermed-169,Global Computer Group,192.168.6.92
2025-07-08T00:21:54+05:30,Lockdown,-,'Lockdown' exploit prevented in Windows Command Processor,-,Low,No,-,-,ALTERMEDRCM\vikas.X379,Global User Group,Altermed-62,Global Computer Group,192.168.6.139
2025-07-08T00:21:54+05:30,Lockdown,-,'Lockdown' exploit prevented in Windows Command Processor,-,Low,No,-,-,ALTERMEDRCM\vikas.X379,Global User Group,Altermed-62,Global Computer Group,192.168.6.139
2025-07-08T00:21:51+05:30,Lockdown,-,'Lockdown' exploit prevented in Windows Command Processor,-,Low,No,msedge.exe,0,ALTERMEDRCM\Rahul.X272,Global User Group,Altermed-169,Global Computer Group,192.168.6.92
2025-07-08T00:21:51+05:30,Lockdown,-,'Lockdown' exploit prevented in Windows Command Processor,-,Low,No,msedge.exe,0,ALTERMEDRCM\Rahul.X272,Global User Group,Altermed-169,Global Computer Group,192.168.6.92
2025-07-08T00:21:45+05:30,Lockdown,-,'Lockdown' exploit prevented in Windows Command Processor,-,Low,No,msedge.exe,0,ALTERMEDRCM\Rahul.X272,Global User Group,Altermed-169,Global Computer Group,192.168.6.92
2025-07-08T00:21:45+05:30,Lockdown,-,'Lockdown' exploit prevented in Windows Command Processor,-,Low,No,msedge.exe,0,ALTERMEDRCM\Rahul.X272,Global User Group,Altermed-169,Global Computer Group,192.168.6.92
2025-07-08T00:21:45+05:30,Lockdown,-,'Lockdown' exploit prevented in Windows Command Processor,-,Low,No,msedge.exe,0,ALTERMEDRCM\Rahul.X272,Global User Group,Altermed-169,Global Computer Group,192.168.6.92
2025-07-08T00:21:45+05:30,Lockdown,-,'Lockdown' exploit prevented in Windows Command Processor,-,Low,No,msedge.exe,0,ALTERMEDRCM\Rahul.X272,Global User Group,Altermed-169,Global Computer Group,192.168.6.92
2025-07-08T00:21:45+05:30,Lockdown,-,'Lockdown' exploit prevented in Windows Command Processor,-,Low,No,msedge.exe,0,ALTERMEDRCM\Rahul.X272,Global User Group,Altermed-169,Global Computer Group,192.168.6.92
2025-07-08T00:21:42+05:30,Lockdown,-,'Lockdown' exploit prevented in Windows Command Processor,-,Low,No,-,-,ALTERMEDRCM\vikas.X379,Global User Group,Altermed-62,Global Computer Group,192.168.6.139
2025-07-08T00:21:42+05:30,Lockdown,-,'Lockdown' exploit prevented in Windows Command Processor,-,Low,No,-,-,ALTERMEDRCM\vikas.X379,Global User Group,Altermed-62,Global Computer Group,192.168.6.139
2025-07-08T00:21:42+05:30,Lockdown,-,'Lockdown' exploit prevented in Windows Command Processor,-,Low,No,-,-,ALTERMEDRCM\vikas.X379,Global User Group,Altermed-62,Global Computer Group,192.168.6.139
2025-07-08T00:21:42+05:30,Lockdown,-,'Lockdown' exploit prevented in Windows Command Processor,-,Low,No,-,-,ALTERMEDRCM\vikas.X379,Global User Group,Altermed-62,Global Computer Group,192.168.6.139
2025-07-08T00:21:42+05:30,Lockdown,-,'Lockdown' exploit prevented in Windows Command Processor,-,Low,No,-,-,ALTERMEDRCM\vikas.X379,Global User Group,Altermed-62,Global Computer Group,192.168.6.139
2025-07-08T00:21:42+05:30,Lockdown,-,'Lockdown' exploit prevented in Windows Command Processor,-,Low,No,-,-,ALTERMEDRCM\vikas.X379,Global User Group,Altermed-62,Global Computer Group,192.168.6.139
2025-07-08T00:21:40+05:30,Lockdown,-,'Lockdown' exploit prevented in Windows Command Processor,-,Low,No,msedge.exe,0,ALTERMEDRCM\Rahul.X272,Global User Group,Altermed-169,Global Computer Group,192.168.6.92
2025-07-08T00:21:40+05:30,Lockdown,-,'Lockdown' exploit prevented in Windows Command Processor,-,Low,No,msedge.exe,0,ALTERMEDRCM\Rahul.X272,Global User Group,Altermed-169,Global Computer Group,192.168.6.92
2025-07-08T00:21:31+05:30,Lockdown,-,'Lockdown' exploit prevented in Windows Command Processor,-,Low,No,-,-,ALTERMEDRCM\vikas.X379,Global User Group,Altermed-62,Global Computer Group,192.168.6.139
2025-07-08T00:21:31+05:30,Lockdown,-,'Lockdown' exploit prevented in Windows Command Processor,-,Low,No,msedge.exe,0,ALTERMEDRCM\vikas.X379,Global User Group,Altermed-62,Global Computer Group,192.168.6.139
2025-07-08T00:21:12+05:30,Lockdown,-,'Lockdown' exploit prevented in Windows Command Processor,-,Low,No,-,-,ALTERMEDRCM\Husan.Kumar303,Global User Group,Altermed-130,Global Computer Group,192.168.6.182
2025-07-08T00:21:06+05:30,Lockdown,-,'Lockdown' exploit prevented in Windows Command Processor,-,Low,No,-,-,ALTERMEDRCM\Husan.Kumar303,Global User Group,Altermed-130,Global Computer Group,192.168.6.182
2025-07-08T00:21:06+05:30,Lockdown,-,'Lockdown' exploit prevented in Windows Command Processor,-,Low,No,-,-,ALTERMEDRCM\Husan.Kumar303,Global User Group,Altermed-130,Global Computer Group,192.168.6.182
2025-07-08T00:21:06+05:30,Lockdown,-,'Lockdown' exploit prevented in Windows Command Processor,-,Low,No,-,-,ALTERMEDRCM\Husan.Kumar303,Global User Group,Altermed-130,Global Computer Group,192.168.6.182
2025-07-08T00:21:06+05:30,Lockdown,-,'Lockdown' exploit prevented in Windows Command Processor,-,Low,No,-,-,ALTERMEDRCM\Husan.Kumar303,Global User Group,Altermed-130,Global Computer Group,192.168.6.182
2025-07-08T00:21:06+05:30,Lockdown,-,'Lockdown' exploit prevented in Windows Command Processor,-,Low,No,-,-,ALTERMEDRCM\Husan.Kumar303,Global User Group,Altermed-130,Global Computer Group,192.168.6.182
2025-07-08T00:21:01+05:30,Lockdown,-,'Lockdown' exploit prevented in Windows Command Processor,-,Low,No,-,-,ALTERMEDRCM\Husan.Kumar303,Global User Group,Altermed-130,Global Computer Group,192.168.6.182
2025-07-08T00:21:01+05:30,Lockdown,-,'Lockdown' exploit prevented in Windows Command Processor,-,Low,No,-,-,ALTERMEDRCM\Husan.Kumar303,Global User Group,Altermed-130,Global Computer Group,192.168.6.182
2025-07-08T00:20:25+05:30,Lockdown,-,'Lockdown' exploit prevented in Windows Command Processor,-,Low,No,-,-,ALTERMEDRCM\Husan.Kumar303,Global User Group,Altermed-130,Global Computer Group,192.168.6.182
2025-07-08T00:20:25+05:30,Lockdown,-,'Lockdown' exploit prevented in Windows Command Processor,-,Low,No,-,-,ALTERMEDRCM\Husan.Kumar303,Global User Group,Altermed-130,Global Computer Group,192.168.6.182
2025-07-08T00:19:44+05:30,Lockdown,-,'Lockdown' exploit prevented in Windows Command Processor,-,Low,No,-,-,ALTERMEDRCM\Husan.Kumar303,Global User Group,Altermed-130,Global Computer Group,192.168.6.182
2025-07-08T00:19:44+05:30,Lockdown,-,'Lockdown' exploit prevented in Windows Command Processor,-,Low,No,-,-,ALTERMEDRCM\Husan.Kumar303,Global User Group,Altermed-130,Global Computer Group,192.168.6.182
2025-07-08T00:19:44+05:30,Lockdown,-,'Lockdown' exploit prevented in Windows Command Processor,-,Low,No,-,-,ALTERMEDRCM\Husan.Kumar303,Global User Group,Altermed-130,Global Computer Group,192.168.6.182
2025-07-08T00:18:51+05:30,Lockdown,-,'Lockdown' exploit prevented in Windows Command Processor,-,Low,No,-,-,ALTERMEDRCM\Husan.Kumar303,Global User Group,Altermed-130,Global Computer Group,192.168.6.182
2025-07-08T00:18:51+05:30,Lockdown,-,'Lockdown' exploit prevented in Windows Command Processor,-,Low,No,-,-,ALTERMEDRCM\Husan.Kumar303,Global User Group,Altermed-130,Global Computer Group,192.168.6.182
2025-07-08T00:18:51+05:30,Lockdown,-,'Lockdown' exploit prevented in Windows Command Processor,-,Low,No,-,-,ALTERMEDRCM\Husan.Kumar303,Global User Group,Altermed-130,Global Computer Group,192.168.6.182
2025-07-08T00:18:51+05:30,Lockdown,-,'Lockdown' exploit prevented in Windows Command Processor,-,Low,No,-,-,ALTERMEDRCM\Husan.Kumar303,Global User Group,Altermed-130,Global Computer Group,192.168.6.182
2025-07-08T00:18:51+05:30,Lockdown,-,'Lockdown' exploit prevented in Windows Command Processor,-,Low,No,-,-,ALTERMEDRCM\Husan.Kumar303,Global User Group,Altermed-130,Global Computer Group,192.168.6.182
2025-07-08T00:18:51+05:30,Lockdown,-,'Lockdown' exploit prevented in Windows Command Processor,-,Low,No,-,-,ALTERMEDRCM\Husan.Kumar303,Global User Group,Altermed-130,Global Computer Group,192.168.6.182
2025-07-08T00:18:44+05:30,Lockdown,-,'Lockdown' exploit prevented in Windows Command Processor,-,Low,No,-,-,ALTERMEDRCM\Husan.Kumar303,Global User Group,Altermed-130,Global Computer Group,192.168.6.182
2025-07-08T00:18:44+05:30,Lockdown,-,'Lockdown' exploit prevented in Windows Command Processor,-,Low,No,ms-teams.exe,0,ALTERMEDRCM\Husan.Kumar303,Global User Group,Altermed-130,Global Computer Group,192.168.6.182
2025-07-08T00:18:27+05:30,Lockdown,-,'Lockdown' exploit prevented in Windows Command Processor,-,Low,No,-,-,ALTERMEDRCM\Reena.X307,Global User Group,Altermed-150,Global Computer Group,192.168.6.171
2025-07-08T00:18:27+05:30,Lockdown,-,'Lockdown' exploit prevented in Windows Command Processor,-,Low,No,-,-,ALTERMEDRCM\Reena.X307,Global User Group,Altermed-150,Global Computer Group,192.168.6.171
2025-07-08T00:18:27+05:30,Lockdown,-,'Lockdown' exploit prevented in Windows Command Processor,-,Low,No,-,-,ALTERMEDRCM\Reena.X307,Global User Group,Altermed-150,Global Computer Group,192.168.6.171
2025-07-08T00:17:52+05:30,Lockdown,-,'Lockdown' exploit prevented in Windows Command Processor,-,Low,No,-,-,ALTERMEDRCM\Sandeep.Sharma70,Global User Group,Altermed-7,Global Computer Group,192.168.6.52
2025-07-08T00:17:52+05:30,Lockdown,-,'Lockdown' exploit prevented in Windows Command Processor,-,Low,No,-,-,ALTERMEDRCM\Sandeep.Sharma70,Global User Group,Altermed-7,Global Computer Group,192.168.6.52
2025-07-08T00:17:52+05:30,Lockdown,-,'Lockdown' exploit prevented in Windows Command Processor,-,Low,No,-,-,ALTERMEDRCM\Sandeep.Sharma70,Global User Group,Altermed-7,Global Computer Group,192.168.6.52
2025-07-08T00:15:10+05:30,Lockdown,-,'Lockdown' exploit prevented in Windows Command Processor,-,Low,No,ms-teams.exe,0,ALTERMEDRCM\Husan.Kumar303,Global User Group,Altermed-130,Global Computer Group,192.168.6.182
2025-07-08T00:15:10+05:30,Lockdown,-,'Lockdown' exploit prevented in Windows Command Processor,-,Low,No,ms-teams.exe,0,ALTERMEDRCM\Husan.Kumar303,Global User Group,Altermed-130,Global Computer Group,192.168.6.182
2025-07-08T00:14:18+05:30,Lockdown,-,'Lockdown' exploit prevented in Windows Command Processor,-,Low,No,-,-,ALTERMEDRCM\Shikha.Sharma415,,Altermed-52,Global Computer Group,192.168.6.193
2025-07-08T00:14:17+05:30,Lockdown,-,'Lockdown' exploit prevented in Windows Command Processor,-,Low,No,-,-,ALTERMEDRCM\Shikha.Sharma415,,Altermed-52,Global Computer Group,192.168.6.193
2025-07-08T00:14:17+05:30,Lockdown,-,'Lockdown' exploit prevented in Windows Command Processor,-,Low,No,-,-,ALTERMEDRCM\Shikha.Sharma415,,Altermed-52,Global Computer Group,192.168.6.193
2025-07-08T00:12:40+05:30,Lockdown,-,'Lockdown' exploit prevented in Windows Command Processor,-,Low,No,-,-,ALTERMEDRCM\Rajinder.X172,Global User Group,Altermed-40,Global Computer Group,192.168.6.191
2025-07-08T00:12:40+05:30,Lockdown,-,'Lockdown' exploit prevented in Windows Command Processor,-,Low,No,-,-,ALTERMEDRCM\Rajinder.X172,Global User Group,Altermed-40,Global Computer Group,192.168.6.191
2025-07-08T00:12:40+05:30,Lockdown,-,'Lockdown' exploit prevented in Windows Command Processor,-,Low,No,-,-,ALTERMEDRCM\Rajinder.X172,Global User Group,Altermed-40,Global Computer Group,192.168.6.191
2025-07-08T00:07:28+05:30,Lockdown,-,'Lockdown' exploit prevented in Windows Command Processor,-,Low,No,-,-,ALTERMEDRCM\Sandeep.Sharma70,Global User Group,Altermed-7,Global Computer Group,192.168.6.52
2025-07-08T00:07:28+05:30,Lockdown,-,'Lockdown' exploit prevented in Windows Command Processor,-,Low,No,-,-,ALTERMEDRCM\Sandeep.Sharma70,Global User Group,Altermed-7,Global Computer Group,192.168.6.52
2025-07-08T00:07:28+05:30,Lockdown,-,'Lockdown' exploit prevented in Windows Command Processor,-,Low,No,-,-,ALTERMEDRCM\Sandeep.Sharma70,Global User Group,Altermed-7,Global Computer Group,192.168.6.52
2025-07-07T23:23:55+05:30,Lockdown,-,'Lockdown' exploit prevented in Windows Command Processor,-,Low,No,-,-,ALTERMED-67\Alteradmin,,Altermed-67,Global Computer Group,192.168.6.59
2025-07-07T23:23:55+05:30,Lockdown,-,'Lockdown' exploit prevented in Windows Command Processor,-,Low,No,-,-,ALTERMED-67\Alteradmin,,Altermed-67,Global Computer Group,192.168.6.59
2025-07-07T23:23:54+05:30,Lockdown,-,'Lockdown' exploit prevented in Windows Command Processor,-,Low,No,-,-,ALTERMED-67\Alteradmin,,Altermed-67,Global Computer Group,192.168.6.59
2025-07-07T23:18:14+05:30,Lockdown,-,'Lockdown' exploit prevented in Windows Command Processor,-,Low,No,-,-,ALTERMED-67\Alteradmin,,Altermed-67,Global Computer Group,192.168.6.59
2025-07-07T23:18:14+05:30,Lockdown,-,'Lockdown' exploit prevented in Windows Command Processor,-,Low,No,-,-,ALTERMED-67\Alteradmin,,Altermed-67,Global Computer Group,192.168.6.59
2025-07-07T23:18:14+05:30,Lockdown,-,'Lockdown' exploit prevented in Windows Command Processor,-,Low,No,-,-,ALTERMED-67\Alteradmin,,Altermed-67,Global Computer Group,192.168.6.59
2025-07-07T21:44:08+05:30,Troj/JSInject-C,https://salud.grupotriples.com/wp-content/themes/triples-salud/assets/javascript/jquery.ba-throttle-debounce.min.js?ver=2.6.0.0,Access was blocked to "https://salud.grupotriples.com/wp-content/themes/triples-salud/assets/javascript/jquery.ba-throttle-debounce.min.js?ver=2.6.0.0" because of "Troj/JSInject-C".,-,Low,No,-,-,ALTERMEDRCM\Poonam.Chaudhary376,Global User Group,Altermed-444,Global Computer Group,192.168.3.105
2025-07-07T21:43:59+05:30,Troj/JSInject-C,https://salud.grupotriples.com/wp-content/themes/triples-salud/assets/javascript/jquery.ba-throttle-debounce.min.js?ver=2.6.0.0,Access was blocked to "https://salud.grupotriples.com/wp-content/themes/triples-salud/assets/javascript/jquery.ba-throttle-debounce.min.js?ver=2.6.0.0" because of "Troj/JSInject-C".,-,Low,No,-,-,ALTERMEDRCM\Poonam.Chaudhary376,Global User Group,Altermed-444,Global Computer Group,192.168.3.105
2025-07-07T21:43:42+05:30,Troj/JSInject-C,https://salud.grupotriples.com/wp-content/themes/triples-salud/assets/javascript/jquery.ba-throttle-debounce.min.js?ver=2.6.0.0,Access was blocked to "https://salud.grupotriples.com/wp-content/themes/triples-salud/assets/javascript/jquery.ba-throttle-debounce.min.js?ver=2.6.0.0" because of "Troj/JSInject-C".,-,Low,No,-,-,ALTERMEDRCM\Poonam.Chaudhary376,Global User Group,Altermed-444,Global Computer Group,192.168.3.105
2025-07-07T20:47:11+05:30,Troj/JSInject-C,https://salud.grupotriples.com/wp-content/themes/triples-salud/assets/javascript/jquery.ba-throttle-debounce.min.js?ver=2.6.0.0,Access was blocked to "https://salud.grupotriples.com/wp-content/themes/triples-salud/assets/javascript/jquery.ba-throttle-debounce.min.js?ver=2.6.0.0" because of "Troj/JSInject-C".,-,Low,No,-,-,ALTERMEDRCM\Poonam.Chaudhary376,Global User Group,Altermed-444,Global Computer Group,192.168.3.105
2025-07-02T06:40:07+05:30,Microsoft Activation Scripts,C:\Users\Altermed\Desktop\MAS_AIO.cmd,PUA detected: 'Microsoft Activation Scripts' at 'C:\Users\Altermed\Desktop\MAS_AIO.cmd',Cleaned Up,Medium,No,-,-,ALTERMEDRCM\Rahul.X272,Global User Group,Altermed-169,Global Computer Group,192.168.6.92
2025-07-02T00:34:06+05:30,Troj/HTMLInj-A,https://www.tattoosnewdelhi.com/images/designs-ideas/arm-tattoo/arm-sleeve-full-half/samoan-polynesian-tattoo-man-right-full-arm-sleeve-1.jpg,Access was blocked to "https://www.tattoosnewdelhi.com/images/designs-ideas/arm-tattoo/arm-sleeve-full-half/samoan-polynesian-tattoo-man-right-full-arm-sleeve-1.jpg" because of "Troj/HTMLInj-A".,-,Low,No,-,-,ALTERMEDRCM\Abhinav.X336,Global User Group,Altermed-145,Global Computer Group,192.168.6.242
2025-06-30T19:19:10+05:30,Microsoft Activation Scripts,\\192.168.3.4\Altermed_Process\Operations\Office 2024\Microsoft_Office_Professional_Plus_Build_17928.20148\Activator\MAS_AIO.cmd,PUA 'Microsoft Activation Scripts' detected in network location '\\192.168.3.4\Altermed_Process\Operations\Office 2024\Microsoft_Office_Professional_Plus_Build_17928.20148\Activator\MAS_AIO.cmd' requires attention,None,Medium,Yes,-,-,ALTERMED-468\Alteradmin,,Altermed-468,Global Computer Group,192.168.3.173
2025-06-30T19:18:53+05:30,Microsoft Activation Scripts,\\192.168.3.4\Altermed_Process\Operations\Office 2024\Microsoft_Office_Professional_Plus_Build_17928.20148\Activator\MAS_AIO.cmd,PUA 'Microsoft Activation Scripts' detected in network location '\\192.168.3.4\Altermed_Process\Operations\Office 2024\Microsoft_Office_Professional_Plus_Build_17928.20148\Activator\MAS_AIO.cmd' requires attention,None,Medium,Yes,-,-,ALTERMED-468\Alteradmin,,Altermed-468,Global Computer Group,192.168.3.173
2025-06-30T19:18:28+05:30,Microsoft Activation Scripts,\\192.168.3.4\Altermed_Process\Operations\Office 2024\Microsoft_Office_Professional_Plus_Build_17928.20148\Activator\MAS_AIO.cmd,PUA 'Microsoft Activation Scripts' detected in network location '\\192.168.3.4\Altermed_Process\Operations\Office 2024\Microsoft_Office_Professional_Plus_Build_17928.20148\Activator\MAS_AIO.cmd' requires attention,None,Medium,Yes,-,-,ALTERMED-468\Alteradmin,,Altermed-468,Global Computer Group,192.168.3.173
2025-06-30T19:13:58+05:30,Microsoft Activation Scripts,\\192.168.3.4\Altermed_Process\Operations\Office 2024\Microsoft_Office_Professional_Plus_Build_17928.20148\Activator\MAS_AIO.cmd,PUA 'Microsoft Activation Scripts' detected in network location '\\192.168.3.4\Altermed_Process\Operations\Office 2024\Microsoft_Office_Professional_Plus_Build_17928.20148\Activator\MAS_AIO.cmd' requires attention,None,Medium,Yes,-,-,ALTERMEDRCM\Abhinandan.Kumar400,,Altermed-468,Global Computer Group,192.168.3.173
2025-06-28T06:30:25+05:30,Microsoft Activation Scripts,C:\$Recycle.Bin\S-1-5-21-887744417-873457725-569212826-1001\$RJE7JHT.cmd,PUA detected: 'Microsoft Activation Scripts' at 'C:\$Recycle.Bin\S-1-5-21-887744417-873457725-569212826-1001\$RJE7JHT.cmd',Cleaned Up,Medium,No,-,-,ALTERMEDRCM\Jasleen.Kaur36,Global User Group,Altermed-121,Global Computer Group,192.168.4.125
2025-06-26T19:51:54+05:30,Microsoft Activation Scripts,\\192.168.3.4\Altermed_Process\Operations\Softwares\Office 2024\Microsoft_Office_Professional_Plus_Build_17928.20148\Activator\MAS_AIO.cmd,PUA 'Microsoft Activation Scripts' detected in network location '\\192.168.3.4\Altermed_Process\Operations\Softwares\Office 2024\Microsoft_Office_Professional_Plus_Build_17928.20148\Activator\MAS_AIO.cmd' requires attention,None,Medium,Yes,-,-,ALTERMEDRCM\Yogesh.Tyagi50,Global User Group,Altermed-465,Global Computer Group,192.168.3.76
2025-06-26T19:48:08+05:30,Microsoft Activation Scripts,\\192.168.3.4\Altermed_Process\Operations\Softwares\Office 2024\Microsoft_Office_Professional_Plus_Build_17928.20148\Activator\MAS_AIO.cmd,PUA 'Microsoft Activation Scripts' detected in network location '\\192.168.3.4\Altermed_Process\Operations\Softwares\Office 2024\Microsoft_Office_Professional_Plus_Build_17928.20148\Activator\MAS_AIO.cmd' requires attention,None,Medium,Yes,-,-,ALTERMEDRCM\Yogesh.Tyagi50,Global User Group,Altermed-465,Global Computer Group,192.168.3.76
2025-06-26T19:47:26+05:30,Microsoft Activation Scripts,\\192.168.3.4\Altermed_Process\Operations\Softwares\Office 2024\Microsoft_Office_Professional_Plus_Build_17928.20148\Activator\MAS_AIO.cmd,PUA 'Microsoft Activation Scripts' detected in network location '\\192.168.3.4\Altermed_Process\Operations\Softwares\Office 2024\Microsoft_Office_Professional_Plus_Build_17928.20148\Activator\MAS_AIO.cmd' requires attention,None,Medium,Yes,-,-,ALTERMEDRCM\Yogesh.Tyagi50,Global User Group,Altermed-465,Global Computer Group,192.168.3.76
2025-06-26T19:46:48+05:30,Microsoft Activation Scripts,\\192.168.3.4\Altermed_Process\Operations\Softwares\Office 2024\Microsoft_Office_Professional_Plus_Build_17928.20148\Activator\MAS_AIO.cmd,PUA 'Microsoft Activation Scripts' detected in network location '\\192.168.3.4\Altermed_Process\Operations\Softwares\Office 2024\Microsoft_Office_Professional_Plus_Build_17928.20148\Activator\MAS_AIO.cmd' requires attention,None,Medium,Yes,-,-,ALTERMEDRCM\Yogesh.Tyagi50,Global User Group,Altermed-465,Global Computer Group,192.168.3.76
2025-06-26T19:46:27+05:30,Microsoft Activation Scripts,\\192.168.3.4\Altermed_Process\Operations\Softwares\Office 2024\Microsoft_Office_Professional_Plus_Build_17928.20148\Activator\MAS_AIO.cmd,PUA 'Microsoft Activation Scripts' detected in network location '\\192.168.3.4\Altermed_Process\Operations\Softwares\Office 2024\Microsoft_Office_Professional_Plus_Build_17928.20148\Activator\MAS_AIO.cmd' requires attention,None,Medium,Yes,-,-,ALTERMEDRCM\Yogesh.Tyagi50,Global User Group,Altermed-465,Global Computer Group,192.168.3.76
2025-06-26T19:29:03+05:30,Microsoft Activation Scripts,\\192.168.3.4\Altermed_Process\Operations\Softwares\Office 2024\Microsoft_Office_Professional_Plus_Build_17928.20148\Activator\MAS_AIO.cmd,PUA 'Microsoft Activation Scripts' detected in network location '\\192.168.3.4\Altermed_Process\Operations\Softwares\Office 2024\Microsoft_Office_Professional_Plus_Build_17928.20148\Activator\MAS_AIO.cmd' requires attention,None,Medium,Yes,-,-,ALTERMEDRCM\Yogesh.Tyagi50,Global User Group,Altermed-465,Global Computer Group,192.168.3.76
2025-06-25T06:30:25+05:30,Mal/DrodRar-AIC,C:\activator\MT.rar,Malware detected: 'Mal/DrodRar-AIC' at 'C:\activator\MT.rar',Cleaned Up,Medium,No,-,0,ALTERMEDRCM\Test.1,Global User Group,Altermed-65,Global Computer Group,100.127.255.249
2025-06-24T02:19:24+05:30,Troj/HTMLInj-A,www.iilsindia.com,Access was blocked to "www.iilsindia.com" because of "Troj/HTMLInj-A".,-,Low,No,-,-,ALTERMEDRCM\Aman.Kumar286,Global User Group,Altermed-92,Global Computer Group,192.168.4.59
